1,农副食品加工业,指直接以农、林、牧、渔业产品为原料进行的谷物磨制、饲料加工、植物油和制糖加工、屠宰及肉类加工、水产品加工，以及蔬菜、水果和坚果等食品的加工
2,谷物磨制,也称粮食加工，指将稻谷、小麦、玉米、谷子、高粱等谷物去壳、碾磨，加工为成品粮的生产活动
3,稻谷加工,指将稻谷去壳、碾磨成大米的生产活动
4,小麦加工,指将小麦碾磨成小麦粉的生产活动
5,玉米加工,指将玉米碾碎或碾磨成玉米碴或玉米粉的生产活动，不含以玉米为原料的饲料加工、淀粉及淀粉制品制造、酒精制造等
6,杂粮加工,指将谷子、高粱、绿豆、红小豆等小宗谷类、豆类作物进行清理去壳、碾磨，加工为成品粮的生产活动
7,其他谷物磨制,
8,饲料加工,
9,宠物饲料加工,指专门为合法饲养的猫、狗、鱼、鸟等小动物提供食物的加工
10,其他饲料加工,指适用于农场、农户饲养牲畜、家禽、水产品的饲料生产加工和用低值水产品及水产品加工废弃物（如鱼骨、内脏、虾壳）等为主要原料的饲料加工
11,植物油加工,
12,食用植物油加工,指用各种食用植物油料生产油脂，以及精制食用油的加工
13,非食用植物油加工,指用各种非食用植物油料生产油脂的活动
14,制糖业,指以甘蔗、甜菜等为原料制作成品糖，以及以原糖或砂糖为原料精炼加工各种精制糖的生产活动
15,屠宰及肉类加工,
16,牲畜屠宰,指对各种牲畜进行宰杀，以及鲜肉冷冻等保鲜活动，但不包括商业冷藏活动
17,禽类屠宰,指对各种禽类进行宰杀，以及鲜肉冷冻等保鲜活动，但不包括商业冷藏活动
18,肉制品及副产品加工,指主要以各种畜、禽肉及畜、禽副产品为原料加工成熟肉制品
19,水产品加工,
20,水产品冷冻加工,指为了保鲜，将海水、淡水养殖或捕捞的鱼类、虾类、甲壳类、贝类、藻类等水生动物或植物进行的冷冻加工，但不包括商业冷藏活动
21,鱼糜制品及水产品干腌制加工,指鱼糜制品制造，以及水产品的干制、腌制等加工活动
22,鱼油提取及制品制造,指从鱼或鱼肝中提取油脂，并生产制品的活动
23,其他水产品加工,指对水生动植物进行的其他加工
24,蔬菜、菌类、水果和坚果加工,指用脱水、干制、冷藏、冷冻、腌制等方法，对蔬菜、菌类、水果、坚果的加工
25,蔬菜加工,
26,食用菌加工,
27,水果和坚果加工,
28,其他农副食品加工,
29,淀粉及淀粉制品制造,指用玉米、薯类、豆类及其他植物原料制作淀粉和淀粉制品的生产；还包括以淀粉为原料，经酶法或酸法转换得到的糖品生产活动
30,豆制品制造,指以大豆、小豆、绿豆、豌豆、蚕豆等豆类为主要原料，经加工制成食品的活动
31,蛋品加工,
32,其他未列明农副食品加工,
33,食品制造业,
34,焙烤食品制造,
35,糕点、面包制造,指用米粉、小麦粉、豆粉为主要原料，配以辅料，经成型、油炸、烤制而成的各种食品生产活动
36,饼干及其他焙烤食品制造,指以小麦粉（或糯米粉）、糖和油脂为主要原料，配以奶制品、蛋制品等辅料，经成型、焙烤制成的各种饼干，以及用薯类、谷类、豆类等制作的各种易于保存、食用方便的焙烤食品生产活动
37,糖果、巧克力及蜜饯制造,
38,糖果、巧克力制造,糖果制造指以砂糖、葡萄糖浆或饴糖为主要原料，加入油脂、乳品、胶体、果仁、香料、食用色素等辅料制成甜味块状食品的生产活动；巧克力制造指以浆状、粉状或块状可可、可可脂、可可酱、砂糖、乳品等为主要原料加工制成巧克力及巧克力制品的生产活动
39,蜜饯制作,指以水果、坚果、果皮及植物的其他部分制作糖果蜜饯的活动
40,方便食品制造,指以米、小麦粉、杂粮等为主要原料加工制成，只需简单烹制即可作为主食，具有食用简便、携带方便，易于储藏等特点的食品制造
41,米、面制品制造,指以大米、小麦粉、杂粮等为主要原料，经加工制成各种未经蒸煮类米面制品的生产活动
42,速冻食品制造,指以米、小麦粉、杂粮等为主要原料，以肉类、蔬菜等为辅料，经加工制成各类烹制或未烹制的主食食品后，立即采用速冻工艺制成的，并可以在冻结条件下运输储存及销售的各类主食食品的生产活动
43,方便面制造,
44,其他方便食品制造,指用米、杂粮等为主要原料加工制成的，可以直接食用或只需简单蒸煮即可作为主食的各种方便主食食品的生产活动，以及其他未列明的方便食品制造
45,乳制品制造,指以生鲜牛（羊）乳及其制品为主要原料，经加工制成的液体乳及固体乳（乳粉、炼乳、乳脂肪、干酪等）制品的生产活动；不包括含乳饮料和植物蛋白饮料生产活动
46,液体乳制造,
47,乳粉制造,
48,其他乳制品制造,
49,罐头食品制造,指将符合要求的原料经处理、分选、修整、烹调（或不经烹调）、装罐、密封、杀菌、冷却（或无菌包装）等罐头生产工艺制成的，达到商业无菌要求，并可以在常温下储存的罐头食品的制造
50,肉、禽类罐头制造,
51,水产品罐头制造,
52,蔬菜、水果罐头制造,
53,其他罐头食品制造,指婴幼儿辅助食品类罐头、米面食品类罐头（如八宝粥罐头等）及上述未列明的罐头食品制造
54,调味品、发酵制品制造,
55,味精制造,指以淀粉或糖蜜为原料，经微生物发酵、提取、精制等工序制成的，谷氨酸钠含量在80％及以上的鲜味剂的生产活动
56,酱油、食醋及类似制品制造,指以大豆和（或）脱脂大豆，小麦和（或）麸皮为原料，经微生物发酵制成的各种酱油和酱类制品，以及以单独或混合使用各种含有淀粉、糖的物料或酒精，经微生物发酵酿制的酸性调味品的生产活动
57,其他调味品、发酵制品制造,
58,其他食品制造,
59,营养食品制造,指以新食品原料和其他富含营养成分的传统食材为原料，经各种常规食品制造技术生产的特殊医学用途配方食品、婴幼儿配方食品和其他适用于特定人群的主辅食品的生产活动
60,保健食品制造,指标明具有特定保健功能的食品，适用于特定人群食用，具有调节机体功能，不以治疗为目的，对人体不产生急性、亚急性或慢性危害，以补充维生素、矿物质为目的的营养素补充等保健食品制造
61,冷冻饮品及食用冰制造,指以砂糖、乳制品、豆制品、蛋制品、油脂、果料和食用添加剂等经混合配制、加热杀菌、均质、老化、冻结（凝冻）而成的冷食饮品的制造，以及食用冰的制造
62,盐加工,指以原盐为原料，经过化卤、蒸发、洗涤、粉碎、干燥、脱水、筛分等工序，或在其中添加碘酸钾及调味品等加工制成盐产品的生产活动
63,食品及饲料添加剂制造,指增加或改善食品特色的化学品，以及补充动物饲料的营养成分和促进生长、防治疫病的制剂的生产活动
64,其他未列明食品制造,
65,酒、饮料和精制茶制造业,
66,酒的制造,指酒精、白酒、啤酒及其专用麦芽、黄酒、葡萄酒、果酒、配制酒以及其他酒的生产
67,酒精制造,指用玉米、小麦、薯类等淀粉质原料或用糖蜜等含糖质原料，经蒸煮、糖化、发酵及蒸馏等工艺制成的酒精产品的生产活动
68,白酒制造,指以高粱等粮谷为主要原料，以大曲、小曲或麸曲及酒母等为糖化发酵剂，经蒸煮、糖化、发酵、蒸馏、陈酿、勾兑而制成的蒸馏酒产品的生产活动
69,啤酒制造,指以麦芽（包括特种麦芽）、水为主要原料，加啤酒花，经酵母发酵酿制而成，含二氧化碳、起泡、低酒精度的发酵酒产品（包括无醇啤酒，也称脱醇啤酒）的生产活动，以及啤酒专用原料麦芽的生产活动
70,黄酒制造,指以稻米、黍米、黑米、小麦、玉米等为主要原料，加曲、酵母等糖化发酵剂发酵酿制而成的发酵酒产品的生产活动
71,葡萄酒制造,指以新鲜葡萄或葡萄汁为原料，经全部或部分发酵酿制而成，含有一定酒精度的发酵酒产品的生产活动
72,其他酒制造,指除葡萄酒以外的果酒、配制酒以及上述未列明的其他酒产品的生产活动
73,饮料制造,
74,碳酸饮料制造,指在一定条件下充入二氧化碳气的饮用品制造，其成品中二氧化碳气的含量（20℃时的体积倍数）不低于2.0倍
75,瓶（罐）装饮用水制造,指以地下矿泉水和符合生活饮用水卫生标准的水为水源加工制成的，密封于塑料瓶（罐）、玻璃瓶或其他容器中，不含任何添加剂，可直接饮用的水的生产活动
76,果菜汁及果菜汁饮料制造,指以新鲜或冷藏水果和蔬菜为原料，经加工制得的果菜汁液制品生产活动，以及在果汁或浓缩果汁、蔬菜汁中加入水、糖液、酸味剂等，经调制而成的可直接饮用的饮品（果汁含量不低于10％）的生产活动
77,含乳饮料和植物蛋白饮料制造,指以鲜乳或乳制品为原料（经发酵或未经发酵），加入水、糖液等调制而成的可直接饮用的含乳饮品的生产活动，以及以蛋白质含量较高的植物的果实、种子或核果类、坚果类的果仁等为原料，在其加工制得的浆液中加入水、糖液等调制而成的可直接饮用的植物蛋白饮品的生产活动
78,固体饮料制造,指以糖、食品添加剂、果汁或植物抽提物等为原料，加工制成粉末状、颗粒状或块状制品[其成品水分(质量分数)不高于5％]的生产活动
79,茶饮料及其他饮料制造,指茶饮料、特殊用途饮料以及其他未列明的饮料制造
80,精制茶加工,指对毛茶或半成品原料茶进行筛分、轧切、风选、干燥、匀堆、拼配等精制加工茶叶的生产活动
81,烟草制品业,
82,烟叶复烤,指在原烟（初烤）基础上进行第二次烟叶水分调整的活动
83,卷烟制造,指各种卷烟生产，但不包括生产烟用滤嘴棒的纤维丝束原料的制造
84,其他烟草制品制造,
85,纺织业,
86,棉纺织及印染精加工,指棉、棉型化纤（化纤短丝）纺织及印染精加工
87,棉纺纱加工,指以棉及棉型化学纤维为主要原料进行的纺纱加工
88,棉织造加工,指以棉纱、混纺纱、化学纤维纱为主要原料进行的机织物织造加工
89,棉印染精加工,指对非自产的棉和化学纤维织物进行漂白、染色、印花、轧光、起绒、缩水等工序的加工
90,毛纺织及染整精加工,
91,毛条和毛纱线加工,指以毛及毛型化学纤维为原料进行梳条的加工，按毛纺工艺（精梳、粗梳、半精梳）进行纺纱的加工
92,毛织造加工,指以毛及毛型化学纤维纱线为原料进行的机织物织造加工
93,毛染整精加工,指对非自产的毛织物进行漂白、染色、印花等工序的染整精加工
94,麻纺织及染整精加工,
95,麻纤维纺前加工和纺纱,指以苎麻、亚麻、大麻、黄麻、剑麻、罗布麻等为原料的纺前纤维加工和纺纱加工
96,麻织造加工,指以苎麻、亚麻、大麻、黄麻、剑麻、罗布麻纤维纱线等为主要原料的机织物织造加工
97,麻染整精加工,指对非自产的麻织物进行漂白、染色、印花等工序的染整精加工
98,丝绢纺织及印染精加工,
99,缫丝加工,指由蚕茧经过加工缫制成丝的活动
100,绢纺和丝织加工,指以丝为主要原料进行的丝织物织造加工
101,丝印染精加工,指对非自产的丝织物进行漂白、染色、印花、轧光、起绒、缩水等工序的加工
102,化纤织造及印染精加工,指经纬双向或经向以化纤长丝(不包括化纤短纤）为主要原料生产的机织物
103,化纤织造加工,指以化纤长丝(含有色长丝)为主要原料生产的机织坯布、色织布
104,化纤织物染整精加工,指对化纤长丝坯布进行漂白、染色、印花、轧光、起绒、缩水等染整工序的加工
105,针织或钩针编织物及其制品制造,
106,针织或钩针编织物织造,指采用经编、纬编、横编及钩针编工艺进行的针织物织造加工
107,针织或钩针编织物印染精加工,指对非自产的针织品进行漂白、染色、印花、轧光、起绒、缩水等工序的加工
108,针织或钩针编织品制造,指除针织或钩针编织服装以外的其他针织品或钩针编织品的加工
109,家用纺织制成品制造,
110,床上用品制造,指以棉、麻、竹、丝、毛、化学纤维等纤维及纺织品为主要原料，加工制造床上用品（包括含有填充物的被子、睡袋、枕头等类产品）的生产活动
111,毛巾类制品制造,指以棉、麻、竹、丝及化学纤维等为主要原料，加工制造毛巾类产品的生产活动
112,窗帘、布艺类产品制造,指以棉、麻、丝、毛及化学纤维等为主要原料，加工制造窗帘、各种装饰罩（套）、靠垫、坐垫、贮物袋等生活用布艺产品的生产活动
113,其他家用纺织制成品制造,指以棉、麻、丝、毛及化学纤维等为主要原料，加工制造毛毯、桌布、台布、餐巾、擦布、洗碗巾等餐厨生活制品的其他家用纺织制成品生产活动
114,产业用纺织制成品制造,也称产业用纺织制成品制造（包括帐篷等户外及庭院休闲用品制造）
115,非织造布制造,指定向或随机排列的纤维，通过摩擦、抱合或粘合，或者这些方法的组合而相互结合制成的片状物、纤网或絮垫的生产活动；所用纤维可以是天然纤维、化学纤维和无机纤维，也可以是短纤维、长丝或直接形成的纤维状物
116,绳、索、缆制造,指用天然纤维和化学纤维制造绳、索具、缆绳、合股线的生产活动
117,纺织带和帘子布制造,指帘子布、复合材料用基布、输送带基布、传送带和胶管等增强材料的生产活动
118,篷、帆布制造,指车用篷布、帐篷布、鞋用纺织材料、灯箱布等纺织材料的生产活动
119,其他产业用纺织制成品制造,指革基布，过滤、防护用纺织品，工业用毡、呢，建筑用纺织品，交通运输用纺织品，包装用纺织品，文体用纺织品，绝缘隔热纺织品，农业用纺织品，渔业用纺织品，造纸用纺织品等其他产业用纺织制成品的生产活动
120,纺织服装、服饰业,
121,机织服装制造,指以机织面料为主要原料，缝制各种男、女服装，以及儿童成衣的活动；包括非自产原料制作的服装，以及固定生产地点的服装制作活动
122,运动机织服装制造,指运动服、滑雪服、登山服、游泳衣等服装制造
123,其他机织服装制造,指除运动机织服装以外的其他机织服装制造
124,针织或钩针编织服装制造,指以针织、钩针编织面料为主要原料，经裁剪后缝制各种男、女服装，以及儿童成衣的活动
125,运动休闲针织服装制造,指针织T恤、针织休闲衫、针织运动类服装制造
126,其他针织或钩针编织服装制造,指除运动休闲针织服装以外其他针织或钩织编织服装制造
127,服饰制造,指帽子、手套、围巾、领带、领结、手绢，以及袜子等服装饰品的加工
128,皮革、毛皮、羽毛及其制品和制鞋业,
129,皮革鞣制加工,指动物生皮经脱毛、鞣制等物理和化学方法加工，再经涂饰和整理，制成具有不易腐烂、柔韧、透气等性能的皮革生产活动
130,皮革制品制造,
131,皮革服装制造,指全部或大部分用皮革、人造革、合成革为面料，制作各式服装的活动
132,皮箱、包（袋）制造,指全部或大部分用皮革、人造革、合成革为材料，或者以塑料、纺织物为材料，制作各种用途的皮箱、皮包(袋)，或其他材料的箱、包(袋)等制作活动
133,皮手套及皮装饰制品制造,指全部或大部分用皮革、人造革、合成革为材料制成的皮手套、皮带，以及皮领带等皮装饰制品的生产活动
134,其他皮革制品制造,指全部或大部分用皮革、人造革、合成革为材料制成上述未列明的其他各种皮革制品的生产活动
135,毛皮鞣制及制品加工,
136,毛皮鞣制加工,指带毛动物生皮经鞣制等化学和物理方法处理后，保持其绒毛形态及特点的毛皮(又称裘皮)的生产活动
137,毛皮服装加工,指用各种动物毛皮和人造毛皮为面料或里料，加工制作毛皮服装的生产活动
138,其他毛皮制品加工,指用各种动物毛皮和人造毛皮为材料，加工制作上述类别未列明的其他各种用途毛皮制品的生产活动
139,羽毛(绒)加工及制品制造,
140,羽毛（绒）加工,指对鹅、鸭等禽类羽毛进行加工成标准毛的生产活动
141,羽毛（绒）制品加工,指用加工过的羽毛(绒)作为填充物制作各种用途的羽绒制品(如羽绒服装、羽绒寝具、羽绒睡袋等)的生产活动
142,制鞋业,指纺织面料鞋、皮鞋、塑料鞋、橡胶鞋及其他各种鞋的生产活动
143,纺织面料鞋制造,指用各种纺织面料、木材、棕草等原料缝制、模压或编制各种鞋的生产活动
144,皮鞋制造,指全部或大部分用皮革、人造革、合成革为面料，以橡胶、塑料或合成材料等为外底，按缝绱、胶粘、模压、注塑等工艺方法制作各种皮鞋的生产活动
145,塑料鞋制造,指以聚氯乙烯、聚乙烯、聚氨酯和乙烯醋酸乙烯等树脂为原料生产发泡或不发泡的塑料鞋类制品的活动
146,橡胶鞋制造,指以橡胶作为鞋底、鞋帮的运动鞋及其他橡胶鞋和橡胶鞋部件的生产活动
147,其他制鞋业,
148,木材加工和木、竹、藤、棕、草制品业,
149,木材加工,
150,锯材加工,指以原木为原料，利用锯木机械或手工工具将原木纵向锯成具有一定断面尺寸（宽、厚度）的木材加工生产活动，用防腐剂和其他物质浸渍木料或对木料进行化学处理的加工，以及地板毛料的制造
151,木片加工,指利用森林采伐、造材、加工等剩余物和定向培育的木材，经削（刨）片机加工成一定规格的产品生产活动
152,单板加工,指用于胶合板、细工木板、木质重组装饰材、装饰单板（厚度0.55mm以下)、单层板积材（LVL）、纺织用木质层压板、电工层压板和木质层积塑料等材料的生产活动
153,其他木材加工,指对木材进行干燥、防腐、改性、染色加工等活动
154,人造板制造,指用木材及其剩余物、棉秆、甘蔗渣和芦苇等植物纤维为原料，加工成符合国家标准的胶合板、纤维板、刨花板、细木工板和木丝板等产品的生产活动，以及人造板二次加工装饰板的制造
155,胶合板制造,指具有一定规格的原木经旋（刨）切成单板，再经干燥、涂胶、组坯、热压而成的符合国家标准及供需双方协定标准的产品生产活动
156,纤维板制造,指用木材碎料（包括木片）、棉秆、甘蔗渣、芦苇等植物纤维作原料，经削片纤维分离，铺装成型，热压而成的产品生产活动
157,刨花板制造,指用木材碎料（包括木片）和其他植物纤维作原料，制成刨花，经干燥、施胶，铺装成型，热压而成的产品生产活动
158,其他人造板制造,包括非木质人造板、细工木板、胶合木等其他各类人造板的制造
159,木质制品制造,指以木材为原料加工成建筑用木料和木材组件、木容器、软木制品及其他木制品的生产活动，但不包括木质家具的制造
160,建筑用木料及木材组件加工,指主要用于建筑施工工程的木质制品，如建筑施工用的大木工或其他支撑物，以及建筑木工的生产活动
161,木门窗制造,
162,木楼梯制造,
163,木地板制造,
164,木制容器制造,
165,软木制品及其他木制品制造,指天然软木除去表皮，经初加工后获得的结块软木及其制品的生产活动，以及其他未列明的木质产品的生产活动，包括整体定制家具制造的活动
166,竹、藤、棕、草等制品制造,指除木材以外，以竹、藤、棕、草等天然植物为原料生产制品的活动，但不包括家具的制造
167,竹制品制造,指竹胶合板、竹地板、竹丝板、竹梯子、竹键盘、竹篮子、竹筷子、竹席、高温竹炭制品等竹制工业用品、建筑用品、包装用品、保健品和生活日用品的制造
168,藤制品制造,
169,棕制品制造,
170,草及其他制品制造,
171,家具制造业,指用木材、金属、塑料、竹、藤等材料制作的，具有坐卧、凭倚、储藏、间隔等功能，可用于住宅、旅馆、办公室、学校、餐馆、医院、剧场、公园、船舰、飞机、机动车等任何场所的各种家具的制造
172,木质家具制造,指以天然木材和木质人造板为主要材料，配以其他辅料（如油漆、贴面材料、玻璃、五金配件等）制作各种家具的生产活动
173,竹、藤家具制造,指以竹材和藤材为主要材料，配以其他辅料制作各种家具的生产活动
174,金属家具制造,指支(框)架及主要部件以铸铁、钢材、钢板、钢管、合金等金属为主要材料，结合使用木、竹、塑等材料，配以人造革、尼龙布、泡沫塑料等其他辅料制作各种家具的生产活动
175,塑料家具制造,指用塑料管、板、异型材加工或用塑料、玻璃钢（即增强塑料）直接在模具中成型的家具的生产活动
176,其他家具制造,指主要由弹性材料(如弹簧、蛇簧、拉簧等)和软质材料(如棕丝、棉花、乳胶海绵、泡沫塑料等)，辅以绷结材料(如绷绳、绷带、麻布等)和装饰面料及饰物(如棉、毛、化纤织物及牛皮、羊皮、人造革等)制成的各种软家具；以玻璃为主要材料，辅以木材或金属材料制成的各种玻璃家具，以及其他未列明的原材料制作各种家具的生产活动
177,造纸和纸制品业,
178,纸浆制造,指经机械或化学方法加工纸浆的生产活动
179,木竹浆制造,
180,非木竹浆制造,
181,造纸,指用纸浆或其他原料（如矿渣棉、云母、石棉等）悬浮在流体中的纤维，经过造纸机或其他设备成型，或手工操作而成的纸及纸板的制造
182,机制纸及纸板制造,
183,手工纸制造,指采用手工操作成型，制成纸的生产活动
184,加工纸制造,指对原纸及纸板进一步加工的生产活动
185,纸制品制造,指用纸及纸板为原料，进一步加工制成纸制品的生产活动
186,纸和纸板容器制造,
187,其他纸制品制造,指符合出售规格或包装要求的纸制品，以及其他未列明的纸制品的制造
188,印刷和记录媒介复制业,
189,印刷,
190,书、报刊印刷,
191,本册印制,指由各种纸及纸板制作的，用于书写和其他用途的本册生产活动
192,包装装潢及其他印刷,指根据一定的商品属性、形态，采用一定的包装材料，经过对商品包装的造型结构艺术和图案文字的设计与安排来装饰美化商品的印刷，以及其他印刷活动
193,装订及印刷相关服务,指专门企业从事的装订、压印媒介制造等与印刷有关的服务
194,记录媒介复制,指将母带、母盘上的信息进行批量翻录的生产活动
195,文教、工美、体育和娱乐用品制造业,
196,文教办公用品制造,
197,文具制造,指办公、学习等使用的各种文具的制造
198,笔的制造,指用于学习、办公或绘画等用途的各种笔制品的制造
199,教学用模型及教具制造,指主要用于教学的各种专用模型、标本及教具的制造
200,墨水、墨汁制造,
201,其他文教办公用品制造,指上述未列明的文教办公类用品的制造
202,乐器制造,指中国民族乐器、西乐器等各种乐器及乐器零部件和配套产品的制造，但不包括玩具乐器的制造
203,中乐器制造,
204,西乐器制造,
205,电子乐器制造,
206,其他乐器及零件制造,指其他未列明的乐器、乐器零件及配套产品的制造
207,工艺美术及礼仪用品制造,
208,雕塑工艺品制造,指以玉石、宝石、象牙、角、骨、贝壳等硬质材料，木、竹、椰壳、树根、软木等天然植物，以及石膏、泥、面、塑料等为原料，经雕刻、琢、磨、捏或塑等艺术加工而制成的各种供欣赏、实用和礼仪用的工艺品制作活动
209,金属工艺品制造,指以金、银、铜、铁、锡等各种金属为原料，经过制胎、浇铸、锻打、錾刻、搓丝、焊接、纺织、镶嵌、点兰、烧制、打磨、电镀等各种工艺加工制成的造型美观、花纹图案精致的各种供欣赏、实用和礼仪用的工艺美术品制作活动
210,漆器工艺品制造,指将半生漆、腰果漆加工调配成各种鲜艳的漆料，以木、纸、塑料、铜、布等作胎，采用推光、雕填、彩画、镶嵌、刻灰等传统工艺和现代漆器工艺进行的各种供欣赏、实用和礼仪用的工艺制品制作活动
211,花画工艺品制造,指以绢、丝、绒、纸、涤纶、塑料、羽毛、通草以及鲜花草等为原料，经造型设计、模压、剪贴、干燥等工艺精制而成的花、果、叶等人造花类工艺品，以画面出现、可以挂或摆的具有欣赏性、装饰性和礼仪用的画类工艺品制作活动
212,天然植物纤维编织工艺品制造,指以竹、藤、棕、草、柳、葵、麻等天然植物纤维为材料，经编织或镶嵌而成具有造型艺术或图案花纹，以欣赏为主的工艺陈列品、礼仪用品以及工艺实用品的制作活动
213,抽纱刺绣工艺品制造,指以棉、麻、丝、毛及人造纤维纺织品等为主要原料，经设计、刺绣、抽、拉、钩等工艺加工各种生活装饰用品，以及以纺织品为主要原料，经特殊手工工艺或民间工艺方法加工成各种具有较强装饰效果的生活用纺织品和礼仪用品的制作活动
214,地毯、挂毯制造,指以羊毛、丝、棉、麻及人造纤维等为原料，经手工编织、机织、栽绒等方式加工而成的各种具有装饰性的地面覆盖物或可用于悬挂、垫坐等用途的生活装饰用品和礼仪用品的制作活动
215,珠宝首饰及有关物品制造,指以金、银、铂等贵金属及其合金以及钻石、宝石、玉石、翡翠、珍珠等为原料，经金属加工和连结组合、镶嵌等工艺加工制作各种图案的装饰品和礼仪用品的制作活动
216,其他工艺美术及礼仪用品制造,
217,体育用品制造,
218,球类制造,指各种皮制、胶制、革制的可充气的运动用球，以及其他材料制成的各种运动用硬球、软球等球类产品的生产活动
219,专项运动器材及配件制造,指各项竞技比赛和训练用器材及用品，体育场馆设施及器件的生产活动
220,健身器材制造,指供健身房、家庭或体育训练用的健身器材及运动物品的制造
221,运动防护用具制造,指用各种材质，为各项运动特制手套、鞋、帽和护具的生产活动
222,其他体育用品制造,指钓鱼专用的各种用具及用品，以及上述未列明的体育用品制造
223,玩具制造,指以儿童为主要使用者，用于玩耍、智力开发等娱乐器具的制造
224,电玩具制造,指制造供14岁以下儿童玩耍的、至少有一种玩耍功能需要使用额定电压小于或等于24V的玩具产品
225,塑胶玩具制造,指制造供14岁以下儿童玩耍的、玩具主体或主要玩耍部分由塑胶制成的，非预定承载儿童体重的非电玩具产品
226,金属玩具制造,指制造供14岁以下儿童玩耍的、玩具主体或主要玩耍部分由金属材料制成的，非预定承载儿童体重的非电玩具产品
227,弹射玩具制造,指制造供14岁以下儿童玩耍的，各种材质的通过可贮存和释放能量的弹射机构发射弹射物的蓄能弹射玩具和由儿童给予的能量发射弹射物的非蓄能弹射玩具的玩具产品
228,娃娃玩具制造,指制造供14岁以下儿童玩耍的、至少头部和四肢由非纺织物材质的聚合材料制成，并带有服装或身体由软性材料填充的非电的婴儿娃娃或人物娃娃玩具产品
229,儿童乘骑玩耍的童车类产品制造,指制造供儿童乘骑玩耍的童车类产品（含儿童推车、婴儿学步车）
230,其他玩具制造,
231,游艺器材及娱乐用品制造,
232,露天游乐场所游乐设备制造,指主要安装在公园、游乐园、水上乐园、儿童乐园等露天游乐场所的电动及非电动游乐设备和游艺器材的制造
233,游艺用品及室内游艺器材制造,指主要供室内、桌上等游艺及娱乐场所使用的游乐设备、游艺器材和游艺娱乐用品，以及主要安装在室内游乐场所的电子游乐设备的制造
234,其他娱乐用品制造,
235,石油、煤炭及其他燃料加工业,
236,精炼石油产品制造,
237,原油加工及石油制品制造,指从天然原油、人造原油中提炼液态或气态燃料以及石油制品的生产活动
238,其他原油制造,指采用油页岩、油砂、焦油以及一氧化碳、氢等气体等加工得到的类似天然石油的液体燃料的生产活动
239,煤炭加工,
240,炼焦,指主要从硬煤和褐煤中生产焦炭、干馏炭及煤焦油或沥青等副产品的炼焦炉的操作活动
241,煤制合成气生产,
242,煤制液体燃料生产,指通过化学加工过程把固体煤炭转化成为液体燃料、化工原料和产品的活动，如煤制甲醇、煤制烯烃等
243,煤制品制造,指用烟煤、无烟煤、褐煤及其他各种煤炭制成的煤砖、煤球等固体燃料制品的活动
244,其他煤炭加工,指煤质活性炭等其他煤炭加工活动
245,核燃料加工,指从沥青铀矿或其他含铀矿石中提取铀、浓缩铀的生产，对铀金属的冶炼、加工，以及其他放射性元素、同位素标记、核反应堆燃料元件的制造，还包括与核燃料加工有关的核废物处置活动
246,生物质燃料加工,
247,生物质液体燃料生产,指利用农作物秸秆和农业加工剩余物、薪材及林业加工剩余物、禽畜粪便、工业有机废水和废渣、城市生活垃圾和能源植物等生物质资源作为原料转化为液体燃料的活动
248,生物质致密成型燃料加工,包括对下列生物质燃料的加工活动：林木致密成型燃料，秸秆致密成型燃料，废物、废料致密成型燃料，其他生物致密成型燃料；不包括：木炭、竹炭加工
249,化学原料和化学制品制造业,
250,基础化学原料制造,
251,无机酸制造,
252,无机碱制造,指烧碱、纯碱等生产活动
253,无机盐制造,
254,有机化学原料制造,
255,其他基础化学原料制造,
256,肥料制造,指化学肥料、有机肥料及微生物肥料的制造
257,氮肥制造,指矿物氮肥及用化学方法制成含有作物营养元素氮的化肥的生产活动
258,磷肥制造,指以磷矿石为主要原料，用化学或物理方法制成含有作物营养元素磷的化肥的生产活动
259,钾肥制造,指用天然钾盐矿经富集精制加工制成含有作物营养元素钾的化肥的生产活动
260,复混肥料制造,指经过化学或物理方法加工制成的，含有两种以上作物所需主要营养元素（氮、磷、钾）的化肥的生产活动；包括通用型复混肥料和专用型复混肥料
261,有机肥料及微生物肥料制造,指来源于动植物，经发酵或腐熟等化学处理后，适用于土壤并提供植物养分供给的，其主要成分为含氮物质的肥料制造
262,其他肥料制造,指上述未列明的微量元素肥料及其他肥料的生产
263,农药制造,指用于防治农业、林业作物的病、虫、草、鼠和其他有害生物，调节植物生长的各种化学农药、微生物农药、生物化学农药，以及仓储、农林产品的防蚀、河流堤坝、铁路、机场、建筑物及其他场所用药的原药和制剂的生产活动
264,化学农药制造,指化学农药原药，以及经过机械粉碎、混合或稀释制成粉状、乳状和水状的化学农药制剂的生产活动
265,生物化学农药及微生物农药制造,指由细菌、真菌、病毒和原生动物或基因修饰的微生物等自然产生，以及由植物提取的防治病、虫、草、鼠和其他有害生物的农药制剂生产活动
266,涂料、油墨、颜料及类似产品制造,
267,涂料制造,指在天然树脂或合成树脂中加入颜料、溶剂和辅助材料，经加工后制成的覆盖材料的生产活动
268,油墨及类似产品制造,指由颜料、联接料（植物油、矿物油、树脂、溶剂）和填充料经过混合、研磨调制而成，用于印刷的有色胶浆状物质，以及用于计算机打印、复印机用墨等生产活动
269,工业颜料制造,指用于陶瓷、搪瓷、玻璃等工业的无机颜料及类似材料的生产活动
270,工艺美术颜料制造,指油画、水粉画、广告等艺术用颜料的制造
271,染料制造,指有机合成、植物性或动物性色料，以及有机颜料的生产活动
272,密封用填料及类似品制造,指用于建筑涂料、密封和漆工用的填充料，以及其他类似化学材料的制造
273,合成材料制造,
274,初级形态塑料及合成树脂制造,也称初级塑料或原状塑料的生产活动，包括通用塑料、工程塑料、功能高分子塑料的制造
275,合成橡胶制造,指用一种或多种单体为原料进行聚合生产合成橡胶或高分析弹性体的生产活动
276,合成纤维单（聚合）体制造,指以石油、天然气、煤等为主要原料，用有机合成的方法制成合成纤维单体或聚合体的生产活动
277,其他合成材料制造,指陶瓷纤维等特种纤维及其增强的复合材料的生产活动；其他专用合成材料的制造
278,专用化学产品制造,
279,化学试剂和助剂制造,指各种化学试剂、催化剂及专用助剂的生产活动
280,专项化学用品制造,指水处理化学品、造纸化学品、皮革化学品、油脂化学品、油田化学品、生物工程化学品、日化产品专用化学品等产品的生产活动
281,林产化学产品制造,指以林产品为原料，经过化学和物理加工方法生产产品的活动，包括木炭、竹炭生产活动
282,文化用信息化学品制造,指电影、照相、幻灯及投影用感光材料、冲洗套药，磁、光记录材料，光纤维通讯用辅助材料，及其专用化学制剂的制造
283,医学生产用信息化学品制造,指医学和其他生产用感光材料、冲洗套药等化学制剂制造
284,环境污染处理专用药剂材料制造,指对水污染、空气污染、固体废物、土壤污染等污染物处理所专用的化学药剂及材料的制造
285,动物胶制造,指以动物骨、皮为原料，经一系列工艺处理制成有一定透明度、黏度、纯度的胶产品的生产活动
286,其他专用化学产品制造,指其他各种用途的专用化学用品的制造
287,炸药、火工及焰火产品制造,
288,炸药及火工产品制造,指各种军用和生产用炸药、雷管及类似的火工产品的制造
289,焰火、鞭炮产品制造,指节日、庆典用焰火及民用烟花、鞭炮等产品的制造
290,日用化学产品制造,
291,肥皂及洗涤剂制造,指以喷洒、涂抹、浸泡等方式施用于肌肤、器皿、织物、硬表面，即冲即洗，起到清洁、去污、渗透、乳化、分散、护理、消毒除菌等功能，广泛用于家居、个人清洁卫生、织物清洁护理、工业清洗、公共设施及环境卫生清洗等领域的产品（固、液、粉、膏、片状等），以及中间体表面活性剂产品的制造
292,化妆品制造,指以涂抹、喷洒或者其他类似方法，撒布于人体表面任何部位（皮肤、毛发、指甲、口唇等），以达到清洁、消除不良气味、护肤、美容和修饰目的的日用化学工业产品的制造
293,口腔清洁用品制造,指用于口腔或牙齿清洁卫生制品的生产活动
294,香料、香精制造,指具有香气和香味，用于调配香精的物质――香料的生产，以及以多种天然香料和合成香料为主要原料，并与其他辅料一起按合理的配方和工艺调配制得的具有一定香型的复杂混合物，主要用于各类加香产品中的香精的生产活动
295,其他日用化学产品制造,指室内散香或除臭制品，光洁用品，擦洗膏及类似制品，动物用化妆盥洗品，火柴，蜡烛及类似制品等日用化学产品的生产活动
296,医药制造业,
297,化学药品原料药制造,指供进一步加工化学药品制剂、生物药品制剂所需的原料药生产活动
298,化学药品制剂制造,指直接用于人体疾病防治、诊断的化学药品制剂的制造
299,中药饮片加工,指对采集的天然或人工种植、养殖的动物、植物和矿物的药材部位进行加工、炮制，使其符合中药处方调剂或中成药生产使用的活动
300,中成药生产,以中药材为原料，在中医药理论指导下，为了预防及治疗疾病的需要，按规定的处方和制剂工艺将其加工制成一定剂型的中药制品的生产活动
301,兽用药品制造,指用于动物疾病防治医药的制造
302,生物药品制品制造,指利用生物技术生产生物化学药品、基因工程药物和疫苗的制剂生产活动
303,生物药品制造,指利用生物技术生产生物化学药品的生产活动
304,基因工程药物和疫苗制造,
305,卫生材料及医药用品制造,指卫生材料、外科敷料以及其他内、外科用医药制品的制造
307,药用辅料及包装材料制造,
308,化学纤维制造业,
309,纤维素纤维原料及纤维制造,
310,化纤浆粕制造,指纺织生产用粘胶纤维的基本原料生产活动
311,人造纤维（纤维素纤维）制造,指用化纤浆粕经化学加工生产纤维的活动
312,合成纤维制造,指以石油、天然气、煤等为主要原料，用有机合成的方法制成单体，聚合后经纺丝加工生产纤维的活动
313,锦纶纤维制造,也称聚酰胺纤维制造，指由尼龙66盐和聚己内酰胺为主要原料生产合成纤维的活动
314,涤纶纤维制造,是聚酯纤维制造的一种，指以聚对苯二甲酸乙二醇酯为原料生产合成纤维的活动
315,腈纶纤维制造,也称聚丙烯腈纤维制造，指以丙烯腈为主要原料（含丙烯腈85%以上）生产合成纤维的活动
316,维纶纤维制造,也称聚乙烯醇纤维制造，指以聚乙烯醇为主要原料生产合成纤维的活动
317,丙纶纤维制造,也称聚丙烯纤维制造，指以聚丙烯为主要原料生产合成纤维的活动
318,氨纶纤维制造,也称聚氨酯纤维制造，指以聚氨基甲酸酯为主要原料生产合成纤维的活动
319,其他合成纤维制造,
320,生物基材料制造,
321,生物基化学纤维制造,指以生物单体或天然有机高分子为原料生产纤维的活动，除天然动植物纤维外，特指生物基再生纤维、生物基合成纤维等
322,生物基、淀粉基新材料制造,指使用可再生生物资源（如玉米、木薯、秸秆等）经过糖化、发酵、聚合等步骤制成的聚乳酸等生物基、淀粉基材料的活动
323,橡胶和塑料制品业,
324,橡胶制品业,指以天然及合成橡胶为原料生产各种橡胶制品的活动，还包括利用废橡胶再生产橡胶制品的活动；不包括橡胶鞋制造
325,轮胎制造,
326,橡胶板、管、带制造,指用未硫化的、硫化的或硬质橡胶生产橡胶板状、片状、管状、带状、棒状和异型橡胶制品的活动，以及以橡胶为主要成分，用橡胶灌注、涂层、覆盖或层叠的纺织物、纱绳、钢丝（钢缆）等制作的传动带或输送带的生产活动
327,橡胶零件制造,指各种用途的橡胶异形制品、橡胶零配件制品的生产活动
328,再生橡胶制造,指用废橡胶生产再生橡胶的活动
329,日用及医用橡胶制品制造,
330,运动场地用塑胶制造,指运动场地、操场及其他特殊场地用的合成材料跑道面层制造和其他塑胶制造
331,其他橡胶制品制造,
332,塑料制品业,指以合成树脂（高分子化合物）为主要原料，经采用挤塑、注塑、吹塑、压延、层压等工艺加工成型的各种制品的生产，以及利用回收的废旧塑料加工再生产塑料制品的活动；不包括塑料鞋制造
333,塑料薄膜制造,指用于农业覆盖，工业、商业及日用包装薄膜的制造
334,塑料板、管、型材制造,指各种塑料板、管及管件、棒材、薄片等生产活动，以及以聚氯乙烯为主要原料，经连续挤出成型的塑料异型材的生产活动
335,塑料丝、绳及编织品制造,指塑料制丝、绳、扁条，塑料袋及编织袋、编织布等生产活动
336,泡沫塑料制造,指以合成树脂为主要原料，经发泡成型工艺加工制成内部具有微孔的塑料制品的生产活动
337,塑料人造革、合成革制造,指外观和手感似皮革，其透气、透湿性虽然略逊色于天然革，但具有优异的物理、机械性能，如强度和耐磨性等，并可代替天然革使用的塑料人造革的生产活动；模拟天然人造革的组成和结构，正反面都与皮革十分相似，比普通人造革更近似天然革，并可代替天然革的塑料合成革的生产活动
338,塑料包装箱及容器制造,指用吹塑或注塑工艺等制成的，可盛装各种物品或液体物质，以便于储存、运输等用途的塑料包装箱及塑料容器制品的生产活动
339,日用塑料制品制造,指塑料制餐、厨用具，卫生设备、洁具及其配件，塑料服装，日用塑料装饰品，以及其他日用塑料制品的生产活动
340,人造草坪制造,指采用合成纤维，植入在机织的基布上，并具有天然草运动性能的人造草制造
341,塑料零件及其他塑料制品制造,指塑料制绝缘零件、密封制品、紧固件，以及汽车、家具等专用零配件的制造，以及上述未列明的其他各类非日用塑料制品的生产活动
342,非金属矿物制品业,
343,水泥、石灰和石膏制造,
344,水泥制造,指以水泥熟料加入适量石膏或一定混合材，经研磨设备（水泥磨）磨制到规定的细度，制成水凝水泥的生产活动，还包括水泥熟料的生产活动
345,石灰和石膏制造,
346,石膏、水泥制品及类似制品制造,
347,水泥制品制造,指水泥制管、杆、桩、砖、瓦等制品制造
348,砼结构构件制造,指用于建筑施工工程的水泥混凝土预制构件的生产活动
349,石棉水泥制品制造,
350,轻质建筑材料制造,指石膏板、石膏制品及类似轻质建筑材料的制造
351,其他水泥类似制品制造,指玻璃纤维增强水泥制品，以及其他未列明的水泥制品的制造
352,砖瓦、石材等建筑材料制造,指粘土、陶瓷砖瓦的生产，建筑用石的加工，用废料或废渣生产的建筑材料，以及其他建筑材料的制造
353,粘土砖瓦及建筑砌块制造,指用粘土和其他材料生产的砖、瓦及建筑砌块的活动
354,建筑用石加工,指用于建筑、筑路、墓地及其他用途的大理石板、花岗岩等石材的切割、成形和修饰活动
355,防水建筑材料制造,指以沥青或类似材料为主要原料制造防水材料的活动
356,隔热和隔音材料制造,指用于隔热、隔音、保温的岩石棉、矿渣棉、膨胀珍珠岩、膨胀蛭石等矿物绝缘材料及其制品的制造，但不包括石棉隔热、隔音材料的制造
357,其他建筑材料制造,
358,玻璃制造,指任何形态玻璃的生产，以及利用废玻璃再生产玻璃活动，包括特制玻璃的生产
359,平板玻璃制造,指用浮法、垂直引上法、压延法等生产平板玻璃原片的活动
360,特种玻璃制造,指具有钢化、单向透视、耐高压、耐高温、隔音、防紫外线、防弹、防爆、中空、夹层、变形、超厚、超薄等某一种特殊功能或特殊工艺的玻璃制造
361,其他玻璃制造,指未列明的玻璃制造
362,玻璃制品制造,指任何形态玻璃制品的生产，以及利用废玻璃再生产玻璃制品的活动
363,技术玻璃制品制造,指用于建筑、工业生产的技术玻璃制品的制造
364,光学玻璃制造,指用于放大镜、显微镜、光学仪器等方面的光学玻璃，日用光学玻璃，钟表用玻璃或类似玻璃，光学玻璃眼镜毛坯的制造，以及未进行光学加工的光学玻璃元件的制造
365,玻璃仪器制造,指实验室、医疗卫生用各种玻璃仪器和玻璃器皿以及玻璃管的制造
366,日用玻璃制品制造,指餐厅、厨房、卫生间、室内装饰及其他生活用玻璃制品的制造
367,玻璃包装容器制造,指主要用于产品包装的各种玻璃容器的制造
368,玻璃保温容器制造,指玻璃保温瓶和其他个人或家庭用玻璃保温容器的制造
369,制镜及类似品加工,指以平板玻璃为材料，经对其进行镀银、镀铝，或冷、热加工后成型的镜子及类似制品的制造
370,其他玻璃制品制造,
371,玻璃纤维和玻璃纤维增强塑料制品制造,
372,玻璃纤维及制品制造,
373,玻璃纤维增强塑料制品制造,也称玻璃钢，指用玻璃纤维增强热固性树脂生产塑料制品的活动
374,陶瓷制品制造,
375,建筑陶瓷制品制造,指用于建筑物的内、外墙及地面装饰或耐酸腐蚀的陶瓷材料（不论是否涂釉）的生产活动，以及水道、排水沟的陶瓷管道及配件的制造
376,卫生陶瓷制品制造,指卫生和清洁盥洗用的陶瓷用具的生产活动
377,特种陶瓷制品制造,指专为工业、农业、实验室等领域的各种特定用途和要求，采用特殊生产工艺制造陶瓷制品的生产活动
378,日用陶瓷制品制造,指以粘土、瓷石、长石、石英等为原料，经破碎、制泥、成型、烧炼等工艺制成，主要供日常生活用的各种瓷器、炻器、陶器等陶瓷制品的制造
379,陈设艺术陶瓷制造,指以粘土、瓷土、瓷石、长石、石英等为原料，经制胎、施釉、装饰、烧制等工艺制成，主要供欣赏、装饰的陶瓷工艺美术品制造
380,园艺陶瓷制造,指专门为园林、公园、室外景观的摆设或具有一定功能的大型陶瓷制造
381,其他陶瓷制品制造,指以石英、长石、瓷土等为原料，经制胎、施釉、装饰、烧成等工艺制成的实用陶瓷的制造，以及其他未列明的陶瓷制品的制造
382,耐火材料制品制造,
383,石棉制品制造,指以石棉或其他矿物纤维素为基础，制造摩擦制品、石棉纺织制品、石棉橡胶制品、石棉保温隔热材料制品的生产活动
384,云母制品制造,
385,耐火陶瓷制品及其他耐火材料制造,指用硅质、粘土质、高铝质等石粉成形的陶瓷隔热制品的制造
386,石墨及其他非金属矿物制品制造,
387,石墨及碳素制品制造,指以炭、石墨材料加工的特种石墨制品、石墨烯、碳素制品、异形制品，以及用树脂和各种有机物浸渍加工而成的碳素异形产品的制造
388,其他非金属矿物制品制造,
389,黑色金属冶炼和压延加工业,
390,炼铁,指用高炉法、直接还原法、熔融还原法等，将铁从矿石等含铁化合物中还原出来的生产活动
391,炼钢,指利用不同来源的氧（如空气、氧气）来氧化炉料（主要是生铁）所含杂质的金属提纯活动
392,钢压延加工,指通过热轧、冷加工、锻压和挤压等塑性加工使连铸坯、钢锭产生塑性变形，制成具有一定形状尺寸的钢材产品的生产活动
393,铁合金冶炼,指铁与其他一种或一种以上的金属或非金属元素组成的合金生产活动
394,有色金属冶炼和压延加工业,
395,常用有色金属冶炼,指通过熔炼、精炼、电解或其他方法从有色金属矿、废杂金属料等有色金属原料中提炼常用有色金属的生产活动
396,铜冶炼,指对铜精矿等矿山原料、废杂铜料进行熔炼、精炼、电解等提炼铜的生产活动
397,铅锌冶炼,
398,镍钴冶炼,
399,锡冶炼,
400,锑冶炼,
401,铝冶炼,指对铝矿山原料通过冶炼、电解、铸型，以及对废杂铝料进行熔炼等提炼铝的生产活动
402,镁冶炼,
403,硅冶炼,
404,其他常用有色金属冶炼,
405,贵金属冶炼,指对金、银及铂族金属的提炼活动
406,金冶炼,指用金精（块）矿、阳极泥（冶炼其他有色金属时回收的阳极泥含金）、废杂金提炼黄金的生产活动
407,银冶炼,指用银精（块）矿、阳极泥（冶炼其他有色金属时回收的阳极泥含银）、废杂银提炼白银的生产活动
408,其他贵金属冶炼,
409,稀有稀土金属冶炼,指钨钼、稀有轻金属、稀有高熔点金属、稀散金属、稀土金属及其他稀有稀土金属冶炼活动，但不包括钍和铀等放射性金属的冶炼加工
410,钨钼冶炼,
411,稀土金属冶炼,
412,其他稀有金属冶炼,
413,有色金属合金制造,指以有色金属为基体，加入一种或几种其他元素所构成的合金生产活动
414,有色金属压延加工,
415,铜压延加工,指铜及铜合金的压延加工生产活动
416,铝压延加工,指铝及铝合金的压延加工生产活动
417,贵金属压延加工,指对金、银及铂族等贵金属，进行轧制、拉制或挤压加工的生产活动
418,稀有稀土金属压延加工,指对钨、钼、钽等稀有金属材的加工
419,其他有色金属压延加工,
420,金属制品业,
421,结构性金属制品制造,
422,金属结构制造,指以铁、钢或铝等金属为主要材料，制造金属构件、金属构件零件、建筑用钢制品及类似品的生产活动，这些制品可以运输，并便于装配、安装或竖立
423,金属门窗制造,指用金属材料（铝合金或其他金属）制作建筑物用门窗及类似品的生产活动
424,金属工具制造,
425,切削工具制造,指手工或机床用可互换的切削工具的制造
426,手工具制造,指在生产和日常生活中，进行装配、安装、维修时使用的手工工具的制造
427,农用及园林用金属工具制造,指主要用于农牧业生产的小农具，园艺或林业作业用金属工具的制造
428,刀剪及类似日用金属工具制造,指日常生活用刀剪、刀具、指甲钳等类似金属工具的制造
429,其他金属工具制造,指上述类别未包括的用于各种用途的金属工具的制造
430,集装箱及金属包装容器制造,
431,集装箱制造,指专门设计，可长期反复使用，不用换箱内货物，便可从一种运输方式转移到另一种运输方式的放置货物的钢质箱体（其容积大于1m3）的生产活动
432,金属压力容器制造,指用于存装压缩气体、液化气体及其他具有一定压力的液体物质的金属容器（不论其是否配有顶盖、塞子，或衬有除铁、钢、铝以外的材料）的制造
433,金属包装容器及材料制造,指主要为商品运输或包装而制作的金属包装容器及附件的制造
434,金属丝绳及其制品制造,
435,建筑、安全用金属制品制造,
436,建筑、家具用金属配件制造,指用于建筑物、家具、交通工具或其他场所和用具的金属装置、锁及其金属配件的制造
437,建筑装饰及水暖管道零件制造,指用于建筑方面的金属装饰材料，以及建筑工程对中性介质（如水、油、蒸汽、空气、煤气等没有腐蚀性的气体和液体物质）在低压下进行工作的设备和管道上所使用的金属附件的制造
438,安全、消防用金属制品制造,指安全、消防用金属保险柜、保险箱、消防梯等金属制品的制造
439,其他建筑、安全用金属制品制造,
440,金属表面处理及热处理加工,指对外来的金属物件表面进行的电镀、镀层、抛光、喷涂、着色等专业性作业加工
441,搪瓷制品制造,指在金属坯体表面涂搪瓷釉制成的，具有金属机械强度和瓷釉物化特征，及可装饰性的制品制造
442,生产专用搪瓷制品制造,指专为工业生产设备、工业产品及家电配套的各种搪瓷制品的制造
443,建筑装饰搪瓷制品制造,指用于建筑及其装饰方面的搪瓷制品和搪瓷制建筑材料的制造
444,搪瓷卫生洁具制造,指卫生用和清洁盥洗用搪瓷用具的生产活动
445,搪瓷日用品及其他搪瓷制品制造,指金属薄板经过成型、搪烧制成的日用品及其他搪瓷制品的制造
446,金属制日用品制造,指以不锈钢、铝等金属为主要原材料，加工制作各种日常生活用金属制品的生产活动
447,金属制厨房用器具制造,指厨房烹制、调理用各种金属器具、用具的生产活动
448,金属制餐具和器皿制造,
449,金属制卫生器具制造,指卫生用和清洁盥洗用的各种金属器具、用具的生产活动
450,其他金属制日用品制造,
451,铸造及其他金属制品制造,
452,黑色金属铸造,指铸铁件、铸钢件等各种成品、半成品的制造
453,有色金属铸造,指有色金属及其合金铸造的各种成品、半成品的制造
454,锻件及粉末冶金制品制造,指通过对金属坯料进行锻造变形而得到的工件或毛坯，或者将金属粉末和与非金属粉末的混合物通过压制变形、烘焙制作制品和材料的活动，包括自由锻件、模锻件、特殊成形锻件、冷锻件、温锻件、粉末冶金件等制造
455,交通及公共管理用金属标牌制造,
456,其他未列明金属制品制造,指其他上述未包括的金属制品的制造；本类别还包括武器弹药的制造
457,通用设备制造业,
458,锅炉及原动设备制造,
459,锅炉及辅助设备制造,指各种蒸汽锅炉、汽化锅炉，以及除同位素分离器以外的各种核反应堆的制造
460,内燃机及配件制造,指用于移动或固定用途的往复式、旋转式、火花点火式或压燃式内燃机及配件的制造，但不包括飞机、汽车和摩托车发动机的制造
461,汽轮机及辅机制造,指汽轮机和燃气轮机（蒸汽涡轮机）的制造
462,水轮机及辅机制造,
463,风能原动设备制造,指风能发电设备及其他风能原动设备制造
464,其他原动设备制造,
465,金属加工机械制造,
466,金属切削机床制造,指用于加工金属的各种切削加工数控机床及普通机床的制造
467,金属成形机床制造,指以锻压、锤击和模压方式加工金属的机床，或以弯曲、折叠、矫直、剪切、冲压、开槽、拉丝等方式加工金属的数控机床及普通机床的制造
468,铸造机械制造,指金属铸件（机械零件毛坯件）铸造用专用设备及其专门配套件的制造，普通铸造设备、制芯设备、砂处理设备、清理设备和特种铸造设备等制造
469,金属切割及焊接设备制造,指将电能及其他形式的能量转换为切割、焊接能量对金属进行切割、焊接设备的制造
470,机床功能部件及附件制造,指实现机床核心功能的零件和部件的制造，以及扩大机床加工性能和使用范围的附属装置的制造
471,其他金属加工机械制造,
472,物料搬运设备制造,指在工厂、仓库、码头、站台及其他场地，进行起重、输送、装卸、搬运、堆码、存储等作业的机械设备以及车辆及其专门配套件的制造
473,轻小型起重设备制造,指结构轻巧、动作简单、可在狭小场地升降或移动重物的简易起重设备及器具的制造；包括起重滑车、手动葫芦、电动葫芦、普通卷扬机、千斤顶、汽车举升机、单轨小车等制造
474,生产专用起重机制造,指具有起升、行走等主要工作机构的各种起重机及其专门配套件的制造
475,生产专用车辆制造,指用于生产企业内部，进行装卸、堆跺或短距离搬运、牵引、顶推等作业的无轨车辆及其专门配套件的制造；包括电动叉车、内燃叉车、集装箱正面吊运机、短距离牵引车及固定平台搬运车、跨运车，以及手动搬运、堆跺车等制造
476,连续搬运设备制造,指在同一方向上，按照规定的线路连续或间歇地运送或装卸散状物料和成件物品的搬运设备及其专门配套件的制造；包括输送机械、装卸机械、给料机械等三类产品及其专门配套件的制造
477,电梯、自动扶梯及升降机制造,指各种电梯、自动扶梯及自动人行道、升降机及其专门配套件的制造
478,客运索道制造,指动力驱动，利用柔性绳索牵引箱体等运载工具运送人员的机电设备，包括客运架空索道、客运缆车、客运拖牵索道等制造
479,机械式停车设备制造,指采用机械方法存取、停放汽车的机械装置或设备系统的制造，包括平面移动类、巷道堆垛类、垂直升降类、升降横移类、简易升降类停车设备
480,其他物料搬运设备制造,指除上述以外的其他物料搬运设备及其专门配套件的制造
481,泵、阀门、压缩机及类似机械制造,指泵、真空设备、压缩机，液压和气压动力机械及类似机械和阀门的制造
482,泵及真空设备制造,指用以输送各种液体、液固混合体、液气混合体及其增压、循环、真空等用途的设备制造
483,气体压缩机械制造,指对气体进行压缩，使其压力提高到340kPa以上的压缩机械的制造
484,阀门和旋塞制造,指通过改变其流道面积的大小，用以控制流体流量、压力和流向的装置制造
485,液压动力机械及元件制造,指以液体为工作介质，依靠液体压力能，来进行能量转换、传递、控制和分配的元件和装置制造
486,液力动力机械及元件制造,指以液体为工作介质，依靠液体动量矩，来进行能量转换、传递、控制和分配的元件和装置制造
487,气压动力机械及元件制造,指以气体为工作介质，靠气压动力来传送能量的装置制造
488,轴承、齿轮和传动部件制造,
489,滚动轴承制造,指将运转的轴与轴座之间的滑动摩擦变为滚动摩擦，从而减少摩擦损失的一种精密的机械元件的制造
490,滑动轴承制造,指在滑动摩擦下工作的轴承制造
491,齿轮及齿轮减、变速箱制造,指用于传递动力和转速的齿轮和齿轮减(增）速箱（机、器）、齿轮变速箱的制造；不包括汽车变速箱等制造
492,其他传动部件制造,指除齿轮及齿轮减、变速箱以外的其他相关传动装置制造；包括链传动、带传动、离合器、联轴节、制动器、平衡系统及其配套件制造
493,烘炉、风机、包装等设备制造,
494,烘炉、熔炉及电炉制造,指使用液体燃料、粉状固体燃料（焚化炉）或气体燃料，进行煅烧、熔化或其他热处理用的非电力熔炉、窑炉和烘炉等燃烧器的制造，以及工业或实验室用电炉及零件的制造
495,风机、风扇制造,指用来输送各种气体，以及气体增压、循环、通风换气、排尘等设备的制造
496,气体、液体分离及纯净设备制造,指对气体进行杂质的去除，提高气体的纯度的气体净化设备制造；仅对气、液混合物进行分离，不改变气体、液体性质的气、液分离设备制造；对各种混合气体进行分离及液化的气体分离成套设备制造
497,制冷、空调设备制造,指用于专业生产、商业经营等方面的制冷设备和空调设备的制造，但不包括家用空调设备的制造
498,风动和电动工具制造,指带有电动机、非电力发动机或风动装置的手工操作加工工具的制造
499,喷枪及类似器具制造,
500,包装专用设备制造,指对瓶、桶、箱、袋或其他容器的洗涤、干燥、装填、密封和贴标签等专用包装机械的制造
501,文化、办公用机械制造,
502,电影机械制造,指各种类型或用途的电影摄影机、电影录音摄影机、影像放映机及电影辅助器材和配件的制造
503,幻灯及投影设备制造,指通过媒体将在电子成像器件上的文字图像、胶片上的文字图像、纸张上的文字图像及实物投射到银幕上的各种设备、器材及零配件的制造
504,照相机及器材制造,指各种类型或用途的照相机的制造；包括用以制备印刷板，用于水下或空中照相的照相机制造，以及照相机用闪光装置、摄影暗室装置和零件的制造
505,复印和胶印设备制造,指各种用途的复印设备和集复印、打印、扫描、传真为一体的多功能一体机的制造；以及主要用于办公室的胶印设备、文字处理设备及零件的制造
506,计算器及货币专用设备制造,指金融、商业、交通及办公等使用的电子计算器、具有计算功能的数据记录、重现和显示机器的制造；以及货币专用设备及类似机械的制造
507,其他文化、办公用机械制造,
508,通用零部件制造,
509,金属密封件制造,指以金属为原料制作密封件的生产活动
510,紧固件制造,
511,弹簧制造,
512,机械零部件加工,指对专用和通用机械零部件的加工
513,其他通用零部件制造,
514,其他通用设备制造业,
515,工业机器人制造,指用于工业自动化领域的工业机器人的制造
516,特殊作业机器人制造,指用于特殊性作业的机器人制造，如水下、危险环境、高空作业、国防、科考、特殊搬运、农业等特殊作业机器人制造
517,增材制造装备制造,指以增材制造技术进行加工的设备制造和零部件制造
518,其他未列明通用设备制造业,
519,专用设备制造业,
520,采矿、冶金、建筑专用设备制造,
521,矿山机械制造,指用于各种固体矿物及石料的开采和洗选的机械设备及其专门配套设备的制造；包括建井设备，采掘、凿岩设备，矿山提升设备，矿物破碎、粉磨设备，矿物筛分、洗选设备，矿用牵引车及矿车等产品及其专用配套件的制造
522,石油钻采专用设备制造,指对陆地和近海石油、天然气等专用开采设备的制造；不包括深海石油、天然气勘探开采平台及相关漂浮设备的制造
523,深海石油钻探设备制造,指对1500m以上海洋的石油、天然气等专用开采设备的制造；不包括1500m以下浅海和陆地石油、天然气勘探开采平台及相关漂浮设备的制造
524,建筑工程用机械制造,指建筑施工及市政公共工程用机械的制造，包括土方机械、筑路机械、具有回转、变幅功能的工程起重机、建筑起重机等
525,建筑材料生产专用机械制造,指生产水泥、水泥制品、玻璃及玻璃纤维、建筑陶瓷、砖瓦等建筑材料所使用的各种生产、搅拌成型机械的制造
526,冶金专用设备制造,指金属冶炼、锭坯铸造、轧制及其专用配套设备等生产专用设备的制造
527,隧道施工专用机械制造,指用于地下非开挖施工专用机械的制造，包括隧道掘进机（盾构机和硬岩掘进机）、顶管机、水平定向钻等
528,化工、木材、非金属加工专用设备制造,
529,炼油、化工生产专用设备制造,指炼油、化学工业生产专用设备的制造，但不包括包装机械等通用设备的制造
530,橡胶加工专用设备制造,指加工橡胶，或以橡胶为材料生产橡胶制品的专用机械制造
531,塑料加工专用设备制造,指塑料加工工业中所使用的各类专用机械和装置的制造
532,木竹材加工机械制造,指在木竹材、木竹质板材、木制品及竹制品加工过程中的各类机械和设备的制造
533,模具制造,指金属铸造用模具、矿物材料用模具、橡胶或塑料用模具及其他用途的模具的制造
534,其他非金属加工专用设备制造,
535,食品、饮料、烟草及饲料生产专用设备制造,
536,食品、酒、饮料及茶生产专用设备制造,指主要用于食品、酒、饮料生产及茶制品加工等专用设备的制造
537,农副食品加工专用设备制造,指对谷物、干豆类等农作物的筛选、碾磨、储存等专用机械，糖料和油料作物加工机械，畜禽屠宰、水产品加工及盐加工机械的制造
538,烟草生产专用设备制造,
539,饲料生产专用设备制造,
540,印刷、制药、日化及日用品生产专用设备制造,
541,制浆和造纸专用设备制造,指在制浆、造纸、纸加工及纸制品的生产过程中所用的各类机械和设备的制造
542,印刷专用设备制造,指使用印刷或其他方式将图文信息转移到承印物上的专用生产设备的制造
543,日用化工专用设备制造,指日用化学工业产品，如洗涤用品、口腔清洁用品、化妆品、香精、香料、动物胶、感光材料及其他日用化学制品专用生产设备的制造
544,制药专用设备制造,指化学原料药和药剂、中药饮片及中成药专用生产设备的制造
545,照明器具生产专用设备制造,指用于生产各种类型电光源产品和各种照明器具产品的专用生产设备的制造
546,玻璃、陶瓷和搪瓷制品生产专用设备制造,指用于生产加工玻璃制品、玻璃器皿的专用机械，陶瓷器等类似产品的加工机床和生产专用机械，以及搪瓷制品生产设备的制造
547,其他日用品生产专用设备制造,指上述未列明的日用品、工艺美术品的生产专用机械设备的制造
548,纺织、服装和皮革加工专用设备制造,
549,纺织专用设备制造,指纺织纤维预处理、纺纱、织造和针织机械的制造
550,皮革、毛皮及其制品加工专用设备制造,指在制革、毛皮鞣制及其制品的加工生产过程中所使用的各种专用设备的制造
551,缝制机械制造,指用于服装、鞋帽、箱包等制作的专用缝纫机械制造，以及生产加工各种面料服装、鞋帽所包括的铺布、裁剪、整烫、输送管理等机械和羽绒加工设备的制造
552,洗涤机械制造,指洗衣店等专业洗衣机械的制造；不包括家用洗衣机的制造
553,电子和电工机械专用设备制造,
554,电工机械专用设备制造,指电机、电线、电缆等电站、电工专用机械及器材的生产设备的制造
555,半导体器件专用设备制造,指生产集成电路、二极管（含发光二极管）、三极管、太阳能电池片的设备的制造
556,电子元器件与机电组件设备制造,指生产电容、电阻、电感、印制电路板、电声元件、锂离子电池等电子元器件与机电组件的设备的制造
557,其他电子专用设备制造,指电子（气）物理设备及其他未列明的电子设备的制造
558,农、林、牧、渔专用机械制造,
559,拖拉机制造,
560,机械化农业及园艺机具制造,指用于土壤处理，作物种植或施肥，种植物收割的农业、园艺或其他机械的制造
561,营林及木竹采伐机械制造,
562,畜牧机械制造,指草原建设、管理，畜禽养殖及畜禽产品采集等专用机械的制造
563,渔业机械制造,指渔业养殖、渔业捕捞等专用设备的制造
564,农林牧渔机械配件制造,指拖拉机配件和其他农林牧渔机械配件的制造
565,棉花加工机械制造,指棉花加工专用机械制造，棉花加工成套设备的制造和安装
566,其他农、林、牧、渔业机械制造,指用于农产品初加工机械，以及其他未列明的农、林、牧、渔业机械的制造
567,医疗仪器设备及器械制造,
568,医疗诊断、监护及治疗设备制造,指用于内科、外科、眼科、妇产科等医疗专用诊断、监护、治疗等方面的设备制造
569,口腔科用设备及器具制造,指用于口腔治疗、修补设备及器械的制造
570,医疗实验室及医用消毒设备和器具制造,指医疗实验室或医疗用消毒、灭菌设备及器具的制造
571,医疗、外科及兽医用器械制造,指各种手术室、急救室、诊疗室等医疗专用及兽医用手术器械、医疗诊断用品和医疗用具的制造
572,机械治疗及病房护理设备制造,指各种治疗设备、病房护理及康复专用设备的制造
573,康复辅具制造,指用于改善、补偿、替代人体功能和辅助性治疗康复辅助器具的制造，适用于残疾人和老年人生活护理、运动康复、教育和就业辅助、残疾儿童康复等；主要包括假肢、矫形器、轮椅和助行器、助听器和人工耳蜗等产品和零部件的制造，也包括智能仿生假肢、远程康复系统、虚拟现实康复训练设备等其他康复类产品的制造
574,眼镜制造,指眼镜成镜、眼镜框架和零配件、眼镜镜片、角膜接触镜（隐形眼镜）及护理产品的制造
575,其他医疗设备及器械制造,指外科、牙科等医疗专用及兽医用家具器械的制造和人工器官及植（介）入器械制造，以及其他未列明的医疗设备及器械的制造
576,环保、邮政、社会公共服务及其他专用设备制造,
577,环境保护专用设备制造,指用于大气污染防治、水污染防治、固体废弃物处理、土壤修复和抽样、噪声与振动控制、环境应急等环境污染防治专用设备制造
578,地质勘查专用设备制造,指地质勘查（勘探）专用设备的制造；不包括通用钻采、挖掘机械的制造
579,邮政专用机械及器材制造,
580,商业、饮食、服务专用设备制造,
581,社会公共安全设备及器材制造,指公安、消防、安全等社会公共安全设备及器材的制造和加工
582,交通安全、管制及类似专用设备制造,指除铁路运输以外的道路运输、水上运输及航空运输等有关的管理、安全、控制专用设备的制造；不包括电气照明设备、信号设备的制造
583,水资源专用机械制造,指水利工程管理、节水工程及水的生产、供应专用设备的制造
584,其他专用设备制造,指上述类别中未列明的其他专用设备的制造，包括同位素设备的制造
585,汽车制造业,
586,汽车整车制造,
587,汽柴油车整车制造,指由传统燃料动力装置驱动，具有四个以上车轮的非轨道、无架线的车辆，并主要用于载送人员和（或）货物、牵引输送人员和（或）货物的车辆制造
588,新能源车整车制造,指采用新型动力系统，完全或主要依靠新型能源驱动的汽车，包括插电式混合动力（含增程式）汽车、纯电动汽车和燃料电池电动汽车等
589,汽车用发动机制造,
590,改装汽车制造,指利用外购汽车底盘改装各类汽车的制造
591,低速汽车制造,指最高时速限制在规定范围内的农用三轮或四轮等载货汽车的制造
592,电车制造,指以电作为动力，以屏板或可控硅方式控制的城市内交通工具和专用交通工具的制造
593,汽车车身、挂车制造,指其设计和技术特性需由汽车牵引，才能正常行驶的一种无动力的道路车辆的制造
594,汽车零部件及配件制造,指机动车辆及其车身的各种零配件的制造
595,铁路、船舶、航空航天和其他运输设备制造业,
596,铁路运输设备制造,
597,高铁车组制造,指以外来电源或以蓄电池驱动的，或以压燃式发动机及其他方式驱动的，能够牵引高速铁路车辆的动力机车、高铁车组、铁路动车组的制造
598,铁路机车车辆制造,指非高铁、动车机组的铁路机车制造，以及用于运送旅客和用以装运货物的客车、货车及其他铁路专用车辆的制造
599,窄轨机车车辆制造,指可用于交通运输的窄轨内燃机车、电力机车和窄轨非机动车的制造
600,高铁设备、配件制造,
601,铁路机车车辆配件制造,指铁道或有轨机车及其拖拽车辆的专用零配件的制造
602,铁路专用设备及器材、配件制造,指铁路安全或交通控制设备的制造，以及其他铁路专用设备及器材、配件的制造
603,其他铁路运输设备制造,
604,城市轨道交通设备制造,
605,船舶及相关装置制造,
606,金属船舶制造,指以钢质、铝质等各种金属为主要材料，为民用或军事部门建造远洋、近海或内陆河湖的金属船舶的制造
607,非金属船舶制造,指以各种木材、水泥、玻璃钢等非金属材料，为民用或军事部门建造船舶的活动
608,娱乐船和运动船制造,指游艇和用于娱乐或运动的其他船只的制造
609,船用配套设备制造,指船用主机、辅机设备的制造
610,船舶改装,指按规范要求对船舶船体、设备、系统、结构等改装
611,船舶拆除,
612,海洋工程装备制造,指海上工程、海底工程、近海工程的专用设备制造，不含港口工程设备以及船舶、潜水、救捞等设备制造
613,航标器材及其他相关装置制造,指用于航标的各种器材，以及不以航行为主的船只的制造，不含海上浮动装置的制造
614,航空、航天器及设备制造,
615,飞机制造,指在大气同温层以内飞行的用于运货或载客，用于国防，以及用于体育运动或其他用途的各种飞机及其零件的制造，包括飞机发动机的制造
618,航天器及运载火箭制造,
619,航天相关设备制造,包括航天试验专用设备设施（宇航模拟设备、航天风洞、电磁、真空专用设备设施、其他航天试验专用设备设施）和总装调试测试设备（航天器总装调试测试设备、运载火箭总装调试测试设备）等专用设备、设施的制造
620,航空相关设备制造,
621,其他航空航天器制造,
622,摩托车制造,
623,摩托车整车制造,指不论是否装有边斗的摩托车制造，包括摩托车发动机的制造
624,摩托车零部件及配件制造,
625,自行车和残疾人座车制造,
626,自行车制造,指未装马达，主要以脚蹬驱动，装有一个或多个轮子的脚踏车辆及其零件的制造
627,残疾人座车制造,
628,助动车制造,指以出行代步为主要功能，主要以蓄电池等作为辅助能源，具有两个、三个、四个车轮，电动或电动助力功能的特种助力车及其零件的制造
629,非公路休闲车及零配件制造,指以运动休闲娱乐为主要功能，包括运动休闲车（不含跑车、山地车和越野车）、一轮、两轮、四轮休闲车、滑板车、草地车、观光车等制造
630,潜水救捞及其他未列明运输设备制造,
631,潜水装备制造,指潜水装置的制造
632,水下救捞装备制造,指水下作业、救捞装备的制造
633,其他未列明运输设备制造,指手推车辆、牲畜牵引车辆的制造，以及上述未列明的交通运输设备的制造
634,电气机械和器材制造业,
635,电机制造,
636,发电机及发电机组制造,指发电机及其辅助装置、发电成套设备的制造
637,电动机制造,指交流或直流电动机及零件的制造
638,微特电机及组件制造,指微型特种电机、减速器及零组件的制造
639,其他电机制造,
640,输配电及控制设备制造,
641,变压器、整流器和电感器制造,指变压器、静止式变流器等电力电子设备和互感器的制造
642,电容器及其配套设备制造,指电力电容器及其配套装置和电容器零件的制造
643,配电开关控制设备制造,指用于电压超过1000V的，诸如一般在配电系统中使用的接通及断开或保护电路的电器，以及用于电压不超过1000V的，如在住房、工业设备或家用电器中使用的配电开关控制设备及其零件的制造
644,电力电子元器件制造,指用于电能变换和控制（从而实现运动控制）的电子元器件的制造
645,光伏设备及元器件制造,指太阳能组件（太阳能电池）、控制设备及其他太阳能设备和元器件制造；不包括太阳能用蓄电池制造
646,其他输配电及控制设备制造,指开关设备和控制设备内部的元器件之间，以及与外部电路之间的电连接所需用的器件和配件的制造
647,电线、电缆、光缆及电工器材制造,
648,电线、电缆制造,指在电力输配、电能传送，声音、文字、图像等信息传播，以及照明等各方面所使用的电线电缆的制造
649,光纤制造,指将电的信号变成光的信号，进行声音、文字、图像等信息传输的光纤的制造
650,光缆制造,指利用置于包覆套中的一根或多根光纤作为传输媒质并可以单独或成组使用的光缆的制造
651,绝缘制品制造,指电气绝缘子、电机或电气设备用的绝缘零件，以及带有绝缘材料的金属制电导管及接头的制造，但不包括玻璃、陶瓷绝缘体和绝缘漆制品的制造
652,其他电工器材制造,
653,电池制造,指以正极活性材料、负极活性材料，配合电介质，以密封式结构制成的，并具有一定公称电压和额定容量的化学电源的制造；包括一次性、不可充电和二次可充电，重复使用的干电池、蓄电池（含太阳能用蓄电池）的制造，以及利用氢与氧的合成转换成电能的装置，即燃料电池制造；不包括利用太阳光转换成电能的太阳能电池制造
654,锂离子电池制造,指以锂离子嵌入化合物为正极材料电池的制造
655,镍氢电池制造,指以储氢合金为负极材料，氢氧化镍为正极材料，电解液是含氢氧化锂（LiOH）的氢氧化钾（KOH）水溶液的电池的制造
656,铅蓄电池制造,指以铅及氧化物为正负极材料，电解液为硫酸水溶液的电池制造
657,锌锰电池制造,指以二氧化锰为正极，锌为负极的原电池的制造
658,其他电池制造,
659,家用电力器具制造,指使用交流电源或电池的各种家用电器的制造
660,家用制冷电器具制造,
661,家用空气调节器制造,指使用交流电源(制冷量14000W及以下)，调节室内温度、湿度、气流速度和空气洁净度的房间空气调节器的制造
662,家用通风电器具制造,指由单相交流电动机驱动扇叶旋转，产生强制气流，以改善人体与周围空气间的热交换条件的电器制造
663,家用厨房电器具制造,指家庭厨房用的电热蒸煮器具、电热烘烤器具、电热水和饮料加热器具、电热煎炒器具、家用电灶、家用食品加工电器具、家用厨房电清洁器具等电器具的制造
664,家用清洁卫生电器具制造,指家用洗衣机、吸尘器等电力器具的制造
665,家用美容、保健护理电器具制造,
666,家用电力器具专用配件制造,指家用电力器具专用配件的制造，不包括通用零部件制造
667,其他家用电力器具制造,
668,非电力家用器具制造,
669,燃气及类似能源家用器具制造,指以液化气、天然气、人工煤气、沼气作燃料，以马口铁、搪瓷、不锈钢等为材料加工制成的家用器具的生产活动
670,太阳能器具制造,
671,其他非电力家用器具制造,
672,照明器具制造,
673,电光源制造,指将电能转变为光的器件的制造，按发光原理可分为白炽灯（指对灯丝通电加热到白炽状态，利用热辐射发出可见光的电光源）；气体放电灯（指通过气体放电将电能转换为光的一种电光源）；半导体照明等固态光源（通过半导体芯片作为发光材料，将电能转换为光的一种电光源）
674,照明灯具制造,指将起支撑、固定和保护作用的零部件与能反射、透过、分配、控制或改变一个或多个电光源发出的光的零部件以及所必需的电路辅助装置组合在一起的制造，包括室内外建筑照明、道路照明、生产照明、运输设备照明及特种照明等各种灯具的制造，不包括舞台及场地用灯制造
675,舞台及场地用灯制造,指演出舞台、演出场地、运动场地、大型活动场地用灯制造
676,智能照明器具制造,指利用计算机、无线通讯数据传输、扩频电力载波通讯技术、计算机智能化信息处理及节能型电器控制等技术组成的分布式无线遥测、遥控、遥讯控制系统，具有灯光亮度的强弱调节、灯光软启动、定时控制、场景设置等功能的照明器具制造
677,灯用电器附件及其他照明器具制造,指用于生产各种电光源用电器附件以及为各类电光源配套的灯座及其他照明器具的制造
678,其他电气机械及器材制造,
679,电气信号设备装置制造,指交通运输工具（如机动车、船舶、铁道车辆等）专用信号装置及各种电气音响或视觉报警、警告、指示装置的制造，以及其他电气声像信号装置的制造
680,其他未列明电气机械及器材制造,指上述未列明的电气机械及器材的制造
681,计算机、通信和其他电子设备制造业,
682,计算机制造,
683,计算机整机制造,指将可进行算术或逻辑运算的中央处理器和外围设备集成计算整机的制造，也包括硬件与软件集成计算机系统的制造，还包括来件组装计算机的加工
684,计算机零部件制造,指组成电子计算机的内存、板卡、硬盘、电源、机箱、显示器等部件的制造
685,计算机外围设备制造,指计算机外围设备及附属设备的制造；包括输入设备、输出设备和外存储设备等制造
686,工业控制计算机及系统制造,是一种采用总线结构，对生产过程及机电设备、工艺装备进行检测与控制的工具总称；工控机具有重要的计算机属性和特征，如具有计算机CPU、硬盘、内存、外设及接口，并有操作系统、控制网络和协议、计算能力、友好的人机界面；工控行业的产品和技术非常特殊，属于中间产品，是为其他各行业提供可靠、嵌入式、智能化的工业计算机制造
687,信息安全设备制造,指用于保护网络和计算机中信息和数据安全的专用设备的制造，包括边界安全、通信安全、身份鉴别与访问控制、数据安全、基础平台、内容安全、评估审计与监控、安全应用设备等制造
688,其他计算机制造,指计算机应用电子设备（以中央处理器为核心，配以专业功能模块、外围设备等构成各行业应用领域专用的电子产品及设备，如金融电子、汽车电子、医疗电子、工业控制计算机及装置、信息采集及识别设备、数字化3C产品等），以及其他未列明计算机设备的制造
689,通信设备制造,
690,通信系统设备制造,指固定或移动通信接入、传输、交换设备等通信系统建设所需设备的制造
691,通信终端设备制造,指固定或移动通信终端设备的制造
692,广播电视设备制造,
693,广播电视节目制作及发射设备制造,指广播电视节目制作、发射设备及器材的制造
694,广播电视接收设备制造,指专业广播电视接收设备的制造，但不包括家用广播电视接收设备的制造
695,广播电视专用配件制造,指专业用录像重放及其他配套的广播电视设备的制造，但不包括家用广播电视装置的制造
696,专业音响设备制造,指广播电视、影剧院、各种场地等专业用录音、音响设备及其他配套设备的制造
697,应用电视设备及其他广播电视设备制造,指应用电视设备、其他广播电视设备和器材的制造
698,雷达及配套设备制造,指雷达整机及雷达配套产品的制造
699,非专业视听设备制造,
700,电视机制造,指非专业用电视机制造
701,音响设备制造,指非专业用智能音响、无线电收音机、收录音机、唱机等音响设备的制造
702,影视录放设备制造,指非专业用智能机顶盒、录像机、摄像机、激光视盘机等影视设备整机及零部件的制造，包括教学用影视设备的制造，但不包括广播电视等专业影视设备的制造
703,智能消费设备制造,
704,可穿戴智能设备制造,指由用户穿戴和控制，并且自然、持续地运行和交互的个人移动计算设备产品的制造，包括可穿戴运动监测设备制造
705,智能车载设备制造,指包含具备汽车联网、自动驾驶、车内及车际通讯、智能交通基础设施通信等功能要素，融合了传感器、雷达、卫星定位、导航、人工智能等技术，使汽车具备智能环境感知能力，自动分析汽车行驶的安全及危险状态目的的车载终端产品及相关配套设备的制造
706,智能无人飞行器制造,指按照国家有关安全规定标准，经允许生产并主要用于娱乐、科普等的智能无人飞行器的制造
707,服务消费机器人制造,指除工业和特殊作业以外的各种机器人，包括用于个人、家庭及商业服务类机器人，如家务机器人、餐饮用机器人、宾馆用机器人、销售用机器人、娱乐机器人、助老助残机器人、医疗机器人、清洁机器人等
708,其他智能消费设备制造,指其他未列明的智能消费设备的制造
709,电子器件制造,
710,电子真空器件制造,指电子热离子管、冷阴极管或光电阴极管及其他真空电子器件，以及电子管零件的制造
711,半导体分立器件制造,
712,集成电路制造,指单片集成电路、混合式集成电路的制造
713,显示器件制造,指基于电子手段呈现信息供视觉感受的器件及模组的制造，包括薄膜晶体管液晶显示器件（TN/STN-LCD、TFT-LCD）、场发射显示器件（FED）、真空荧光显示器件（VFD）、有机发光二极管显示器件（OLED）、等离子显示器件（PDP）、发光二极管显示器件（LED）、曲面显示器件以及柔性显示器件等
714,半导体照明器件制造,指用于半导体照明的发光二极管（LED）、有机发光二极管（OLED）器件等制造
715,光电子器件制造,指利用半导体光―电子（或电―光子）转换效应制成的各种功能器件制造
716,其他电子器件制造,指其他未列明的电子器件的制造
717,电子元件及电子专用材料制造,
718,电阻电容电感元件制造,指电容器（包括超级电容器）、电阻器、电位器、电感器件、电子变压器件的制造
719,电子电路制造,指在绝缘基材上采用印制工艺形成电气电子连接电路，以及附有无源与有源元件的制造，包括印刷电路板及附有元器件构成电子电路功能组合件
720,敏感元件及传感器制造,指按一定规律，将感受到的信息转换成为电信号或其他所需形式的信息输出的敏感元件及传感器的制造
721,电声器件及零件制造,指扬声器、送受话器、耳机、音箱及零件等制造
722,电子专用材料制造,指用于电子元器件、组件及系统制备的专用电子功能材料、互联与封装材料、工艺及辅助材料的制造，包括半导体材料、光电子材料、磁性材料、锂电池材料、电子陶瓷材料、覆铜板及铜箔材料、电子化工材料等
723,其他电子元件制造,指未列明的电子元件及组件的制造
724,其他电子设备制造,指电子（气）物理设备及其他未列明的电子设备的制造
725,仪器仪表制造业,
726,通用仪器仪表制造,
727,工业自动控制系统装置制造,指用于连续或断续生产制造过程中，测量和控制生产制造过程的温度、压力、流量、物位等变量或者物体位置、倾斜、旋转等参数的工业用计算机控制系统、检测仪表、执行机构和装置的制造
728,电工仪器仪表制造,指用于电压、电流、电阻、功率等电磁量的测量、计量、采集、监测、分析、处理、检验与控制用仪器仪表及系统装置的制造
729,绘图、计算及测量仪器制造,指供设计、制图、绘图、计算、测量，以及学习或办公、教学等使用的测量和绘图用具、器具及量仪的制造
730,实验分析仪器制造,指利用物质的物理、化学、电学等性能对物质进行定性、定量分析和结构分析，以及湿度、黏度、质量、比重等性能测定所使用的仪器的制造；用于对各种物体在温度、湿度、光照、辐射等环境变化后适应能力的实验装置的制造；各种物体物化特性参数测量的仪器、实验装置及相关器具的制造
731,试验机制造,指测试、评定和研究材料、零部件及其制成品的物理性能、机械（力学）性能、工艺性能、安全性能、舒适性能的实验仪器和设备的制造
732,供应用仪器仪表制造,指电、气、水、油和热等类似气体或液体的供应过程中使用的计量仪表、自动调节或控制仪器及装置的制造
733,其他通用仪器制造,指其他未列明的通用仪器仪表和仪表元器件的制造
734,专用仪器仪表制造,
735,环境监测专用仪器仪表制造,指对环境中的污染物、噪声、放射性物质、电磁波等进行监测和监控的专用仪器仪表及系统装置的制造
736,运输设备及生产用计数仪表制造,指汽车、船舶及工业生产用转数计、生产计数器、里程记录器及类似仪表的制造
737,导航、测绘、气象及海洋专用仪器制造,指用于气象、海洋、水文、天文、航海、航空等方面的导航、测绘、制导、测量仪器和仪表及类似装置的制造
738,农林牧渔专用仪器仪表制造,指农、林、牧、渔生产专用仪器、仪表及类似装置的制造
739,地质勘探和地震专用仪器制造,指地质勘探、钻采、地震等地球物理专用仪器、仪表及类似装置的制造
740,教学专用仪器制造,指专供教学示范或展览，而无其他用途的专用仪器的制造
741,核子及核辐射测量仪器制造,指专门用于核离子射线的测量或检验的仪器、装置，核辐射探测器等核专业用仪器仪表的制造
742,电子测量仪器制造,指用电子技术实现对被测对象（电子产品）的电参数定量检测装置的制造
743,其他专用仪器制造,指用于纺织、电站热工仪表等其他未列明的专用仪器的制造
744,钟表与计时仪器制造,指各种钟、表、钟表机芯、时间记录装置、计时器的制造，还包括装有钟表机芯或同步马达，用以测量、记录或指示时间间隔的装置、定时开关、卫星导航时间频率原子钟，以及钟表零配件的制造
745,光学仪器制造,
746,制造业,
