1,农副食品加工业,直接农、林、牧、渔业产品为原料进行的谷物磨制、饲料、植物油和制糖、屠宰及肉类、水产品，及蔬菜、水果和坚果等食品的加工
2,谷物磨制,也称粮食加工，将稻谷、小麦、玉米、谷子、高粱等谷物去壳、碾磨，加工为成品粮的生产活动
3,稻谷加工,将稻谷去壳、碾磨成大米的生产活动
4,小麦加工,将小麦碾磨成小麦粉的生产活动
5,玉米加工,将玉米碾碎或碾磨成玉米碴或玉米粉的生产活动，不含玉米为原料的饲料加工、淀粉及淀粉制品制造、酒精制造等
6,杂粮加工,将谷子、高粱、绿豆、红小豆等小宗谷类、豆类作物进行清理去壳、碾磨，加工为成品粮的生产活动
7,其他谷物磨制,
8,饲料加工,
9,宠物饲料加工,专门为合法饲养的猫、狗、鱼、鸟等小动物提供食物的加工
10,其他饲料加工,适用于农场、农户饲养牲畜、家禽、水产品的饲料生产加工和用低值水产品及水产品加工废弃物（如鱼骨、内脏、虾壳）等为主要原料的饲料加工
11,植物油加工,
12,食用植物油加工,用各种食用植物油料生产油脂，及精制食用油的加工
13,非食用植物油加工,用各种非食用植物油料生产油脂的活动
14,制糖业,甘蔗、甜菜等为原料制作成品糖，及原糖或砂糖为原料精炼加工各种精制糖的生产活动
15,屠宰及肉类加工,
16,牲畜屠宰,对各种牲畜进行宰杀，及鲜肉冷冻等保鲜活动，但不包括商业冷藏活动
17,禽类屠宰,对各种禽类进行宰杀，及鲜肉冷冻等保鲜活动，但不包括商业冷藏活动
18,肉制品及副产品加工,主要各种畜、禽肉及畜、禽副产品为原料加工成熟肉制品
19,水产品加工,
20,水产品冷冻加工,为了保鲜，将海水、淡水养殖或捕捞的鱼类、虾类、甲壳类、贝类、藻类等水生动物或植物进行的冷冻加工，但不包括商业冷藏活动
21,鱼糜制品及水产品干腌制加工,鱼糜制品制造，及水产品的干制、腌制等加工活动
22,鱼油提取及制品制造,从鱼或鱼肝中提取油脂，并生产制品的活动
23,其他水产品加工,对水生动植物进行的其他加工
24,蔬菜、菌类、水果和坚果加工,用脱水、干制、冷藏、冷冻、腌制等方法，对蔬菜、菌类、水果、坚果的加工
25,蔬菜加工,
26,食用菌加工,
27,水果和坚果加工,
28,其他农副食品加工,
29,淀粉及淀粉制品制造,用玉米、薯类、豆类及其他植物原料制作淀粉和淀粉制品的生产；还包括淀粉为原料，经酶法或酸法转换得到的糖品生产活动
30,豆制品制造,大豆、小豆、绿豆、豌豆、蚕豆等豆类为主要原料，经加工制成食品的活动
31,蛋品加工,
32,其他未列明农副食品加工,
33,食品制造业,
34,焙烤食品制造,
35,糕点、面包制造,用米粉、小麦粉、豆粉为主要原料，配辅料，经成型、油炸、烤制而成的各种食品生产活动
36,饼干及其他焙烤食品制造,小麦粉（或糯米粉）、糖和油脂为主要原料，配奶制品、蛋制品等辅料，经成型、焙烤制成的各种饼干，及用薯类、谷类、豆类等制作的各种易于保存、食用方便的焙烤食品生产活动
37,糖果、巧克力及蜜饯制造,
38,糖果、巧克力制造,糖果制造砂糖、葡萄糖浆或饴糖为主要原料，加入油脂、乳品、胶体、果仁、香料、食用色素等辅料制成甜味块状食品的生产活动；巧克力制造浆状、粉状或块状可可、可可脂、可可酱、砂糖、乳品等为主要原料加工制成巧克力及巧克力制品的生产活动
39,蜜饯制作,水果、坚果、果皮及植物的其他部分制作糖果蜜饯的活动
40,方便食品制造,米、小麦粉、杂粮等为主要原料加工制成，只需简单烹制即可作为主食，具有食用简便、携带方便，易于储藏等特点的食品制造
41,米、面制品制造,大米、小麦粉、杂粮等为主要原料，经加工制成各种未经蒸煮类米面制品的生产活动
42,速冻食品制造,米、小麦粉、杂粮等为主要原料，肉类、蔬菜等为辅料，经加工制成各类烹制或未烹制的主食食品后，立即采用速冻工艺制成的，并可在冻结条件下运输储存及销售的各类主食食品的生产活动
43,方便面制造,
44,其他方便食品制造,用米、杂粮等为主要原料加工制成的，可直接食用或只需简单蒸煮即可作为主食的各种方便主食食品的生产活动，及其他未列明的方便食品制造
45,乳制品制造,生鲜牛（羊）乳及其制品为主要原料，经加工制成的液体乳及固体乳（乳粉、炼乳、乳脂肪、干酪等）制品的生产活动；不包括含乳饮料和植物蛋白饮料生产活动
46,液体乳制造,
47,乳粉制造,
48,其他乳制品制造,
49,罐头食品制造,将符合要求的原料经处理、分选、修整、烹调（或不经烹调）、装罐、密封、杀菌、冷却（或无菌包装）等罐头生产工艺制成的，达到商业无菌要求，并可在常温下储存的罐头食品的制造
50,肉、禽类罐头制造,
51,水产品罐头制造,
52,蔬菜、水果罐头制造,
53,其他罐头食品制造,婴幼儿辅助食品类罐头、米面食品类罐头（如八宝粥罐头等）及上述未列明的罐头食品制造
54,调味品、发酵制品制造,
55,味精制造,淀粉或糖蜜为原料，经微生物发酵、提取、精制等工序制成的，谷氨酸钠含量在80％及上的鲜味剂的生产活动
56,酱油、食醋及类似制品制造,大豆和（或）脱脂大豆，小麦和（或）麸皮为原料，经微生物发酵制成的各种酱油和酱类制品，及单独或混合使用各种含有淀粉、糖的物料或酒精，经微生物发酵酿制的酸性调味品的生产活动
57,其他调味品、发酵制品制造,
58,其他食品制造,
59,营养食品制造,新食品原料和其他富含营养成分的传统食材为原料，经各种常规食品制造技术生产的特殊医学用途配方食品、婴幼儿配方食品和其他适用于特定人群的主辅食品的生产活动
60,保健食品制造,标明具有特定保健功能的食品，适用于特定人群食用，具有调节机体功能，不治疗为目的，对人体不产生急性、亚急性或慢性危害，补充维生素、矿物质为目的的营养素补充等保健食品制造
61,冷冻饮品及食用冰制造,砂糖、乳制品、豆制品、蛋制品、油脂、果料和食用添加剂等经混合配制、加热杀菌、均质、老化、冻结（凝冻）而成的冷食饮品的制造，及食用冰的制造
62,盐加工,原盐为原料，经过化卤、蒸发、洗涤、粉碎、干燥、脱水、筛分等工序，或在其中添加碘酸钾及调味品等加工制成盐产品的生产活动
63,食品及饲料添加剂制造,增加或改善食品特色的化学品，及补充动物饲料的营养成分和促进生长、防治疫病的制剂的生产活动
64,其他未列明食品制造,
65,酒、饮料和精制茶制造业,
66,酒的制造,酒精、白酒、啤酒及其专用麦芽、黄酒、葡萄酒、果酒、配制酒及其他酒的生产
67,酒精制造,用玉米、小麦、薯类等淀粉质原料或用糖蜜等含糖质原料，经蒸煮、糖化、发酵及蒸馏等工艺制成的酒精产品的生产活动
68,白酒制造,高粱等粮谷为主要原料，大曲、小曲或麸曲及酒母等为糖化发酵剂，经蒸煮、糖化、发酵、蒸馏、陈酿、勾兑而制成的蒸馏酒产品的生产活动
69,啤酒制造,麦芽（包括特种麦芽）、水为主要原料，加啤酒花，经酵母发酵酿制而成，含二氧化碳、起泡、低酒精度的发酵酒产品（包括无醇啤酒，也称脱醇啤酒）的生产活动，及啤酒专用原料麦芽的生产活动
70,黄酒制造,稻米、黍米、黑米、小麦、玉米等为主要原料，加曲、酵母等糖化发酵剂发酵酿制而成的发酵酒产品的生产活动
71,葡萄酒制造,新鲜葡萄或葡萄汁为原料，经全部或部分发酵酿制而成，含有一定酒精度的发酵酒产品的生产活动
72,其他酒制造,除葡萄酒外的果酒、配制酒及上述未列明的其他酒产品的生产活动
73,饮料制造,
74,碳酸饮料制造,在一定条件下充入二氧化碳气的饮用品制造，其成品中二氧化碳气的含量（20℃时的体积倍数）不低于2.0倍
75,瓶（罐）装饮用水制造,地下矿泉水和符合生活饮用水卫生标准的水为水源加工制成的，密封于塑料瓶（罐）、玻璃瓶或其他容器中，不含任何添加剂，可直接饮用的水的生产活动
76,果菜汁及果菜汁饮料制造,新鲜或冷藏水果和蔬菜为原料，经加工制得的果菜汁液制品生产活动，及在果汁或浓缩果汁、蔬菜汁中加入水、糖液、酸味剂等，经调制而成的可直接饮用的饮品（果汁含量不低于10％）的生产活动
77,含乳饮料和植物蛋白饮料制造,鲜乳或乳制品为原料（经发酵或未经发酵），加入水、糖液等调制而成的可直接饮用的含乳饮品的生产活动，及蛋白质含量较高的植物的果实、种子或核果类、坚果类的果仁等为原料，在其加工制得的浆液中加入水、糖液等调制而成的可直接饮用的植物蛋白饮品的生产活动
78,固体饮料制造,糖、食品添加剂、果汁或植物抽提物等为原料，加工制成粉末状、颗粒状或块状制品[其成品水分(质量分数)不高于5％]的生产活动
79,茶饮料及其他饮料制造,茶饮料、特殊用途饮料及其他未列明的饮料制造
80,精制茶加工,对毛茶或半成品原料茶进行筛分、轧切、风选、干燥、匀堆、拼配等精制加工茶叶的生产活动
81,烟草制品业,
82,烟叶复烤,在原烟（初烤）基础上进行第二次烟叶水分调整的活动
83,卷烟制造,各种卷烟生产，但不包括生产烟用滤嘴棒的纤维丝束原料的制造
84,其他烟草制品制造,
85,纺织业,
86,棉纺织及印染精加工,棉、棉型化纤（化纤短丝）纺织及印染精加工
87,棉纺纱加工,棉及棉型化学纤维为主要原料进行的纺纱加工
88,棉织造加工,棉纱、混纺纱、化学纤维纱为主要原料进行的机织物织造加工
89,棉印染精加工,对非自产的棉和化学纤维织物进行漂白、染色、印花、轧光、起绒、缩水等工序的加工
90,毛纺织及染整精加工,
91,毛条和毛纱线加工,毛及毛型化学纤维为原料进行梳条的加工，按毛纺工艺（精梳、粗梳、半精梳）进行纺纱的加工
92,毛织造加工,毛及毛型化学纤维纱线为原料进行的机织物织造加工
93,毛染整精加工,对非自产的毛织物进行漂白、染色、印花等工序的染整精加工
94,麻纺织及染整精加工,
95,麻纤维纺前加工和纺纱,苎麻、亚麻、大麻、黄麻、剑麻、罗布麻等为原料的纺前纤维加工和纺纱加工
96,麻织造加工,苎麻、亚麻、大麻、黄麻、剑麻、罗布麻纤维纱线等为主要原料的机织物织造加工
97,麻染整精加工,对非自产的麻织物进行漂白、染色、印花等工序的染整精加工
98,丝绢纺织及印染精加工,
99,缫丝加工,由蚕茧经过加工缫制成丝的活动
100,绢纺和丝织加工,丝为主要原料进行的丝织物织造加工
101,丝印染精加工,对非自产的丝织物进行漂白、染色、印花、轧光、起绒、缩水等工序的加工
102,化纤织造及印染精加工,经纬双向或经向化纤长丝(不包括化纤短纤）为主要原料生产的机织物
103,化纤织造加工,化纤长丝(含有色长丝)为主要原料生产的机织坯布、色织布
104,化纤织物染整精加工,对化纤长丝坯布进行漂白、染色、印花、轧光、起绒、缩水等染整工序的加工
105,针织或钩针编织物及其制品制造,
106,针织或钩针编织物织造,采用经编、纬编、横编及钩针编工艺进行的针织物织造加工
107,针织或钩针编织物印染精加工,对非自产的针织品进行漂白、染色、印花、轧光、起绒、缩水等工序的加工
108,针织或钩针编织品制造,除针织或钩针编织服装外的其他针织品或钩针编织品的加工
109,家用纺织制成品制造,
110,床上用品制造,棉、麻、竹、丝、毛、化学纤维等纤维及纺织品为主要原料，加工制造床上用品（包括含有填充物的被子、睡袋、枕头等类产品）的生产活动
111,毛巾类制品制造,棉、麻、竹、丝及化学纤维等为主要原料，加工制造毛巾类产品的生产活动
112,窗帘、布艺类产品制造,棉、麻、丝、毛及化学纤维等为主要原料，加工制造窗帘、各种装饰罩（套）、靠垫、坐垫、贮物袋等生活用布艺产品的生产活动
113,其他家用纺织制成品制造,棉、麻、丝、毛及化学纤维等为主要原料，加工制造毛毯、桌布、台布、餐巾、擦布、洗碗巾等餐厨生活制品的其他家用纺织制成品生产活动
114,产业用纺织制成品制造,也称产业用纺织制成品制造（包括帐篷等户外及庭院休闲用品制造）
115,非织造布制造,定向或随机排列的纤维，通过摩擦、抱合或粘合，或者这些方法的组合而相互结合制成的片状物、纤网或絮垫的生产活动；所用纤维可是天然纤维、化学纤维和无机纤维，也可是短纤维、长丝或直接形成的纤维状物
116,绳、索、缆制造,用天然纤维和化学纤维制造绳、索具、缆绳、合股线的生产活动
117,纺织带和帘子布制造,帘子布、复合材料用基布、输送带基布、传送带和胶管等增强材料的生产活动
118,篷、帆布制造,车用篷布、帐篷布、鞋用纺织材料、灯箱布等纺织材料的生产活动
119,其他产业用纺织制成品制造,革基布，过滤、防护用纺织品，工业用毡、呢，建筑用纺织品，交通运输用纺织品，包装用纺织品，文体用纺织品，绝缘隔热纺织品，农业用纺织品，渔业用纺织品，造纸用纺织品等其他产业用纺织制成品的生产活动
120,纺织服装、服饰业,
121,机织服装制造,机织面料为主要原料，缝制各种男、女服装，及儿童成衣的活动；包括非自产原料制作的服装，及固定生产地点的服装制作活动
122,运动机织服装制造,运动服、滑雪服、登山服、游泳衣等服装制造
123,其他机织服装制造,除运动机织服装外的其他机织服装制造
124,针织或钩针编织服装制造,针织、钩针编织面料为主要原料，经裁剪后缝制各种男、女服装，及儿童成衣的活动
125,运动休闲针织服装制造,针织T恤、针织休闲衫、针织运动类服装制造
126,其他针织或钩针编织服装制造,除运动休闲针织服装外其他针织或钩织编织服装制造
127,服饰制造,帽子、手套、围巾、领带、领结、手绢，及袜子等服装饰品的加工
128,皮革、毛皮、羽毛及其制品和制鞋业,
129,皮革鞣制加工,动物生皮经脱毛、鞣制等物理和化学方法加工，再经涂饰和整理，制成具有不易腐烂、柔韧、透气等性能的皮革生产活动
130,皮革制品制造,
131,皮革服装制造,全部或大部分用皮革、人造革、合成革为面料，制作各式服装的活动
132,皮箱、包（袋）制造,全部或大部分用皮革、人造革、合成革为材料，或者塑料、纺织物为材料，制作各种用途的皮箱、皮包(袋)，或其他材料的箱、包(袋)等制作活动
133,皮手套及皮装饰制品制造,全部或大部分用皮革、人造革、合成革为材料制成的皮手套、皮带，及皮领带等皮装饰制品的生产活动
134,其他皮革制品制造,全部或大部分用皮革、人造革、合成革为材料制成上述未列明的其他各种皮革制品的生产活动
135,毛皮鞣制及制品加工,
136,毛皮鞣制加工,带毛动物生皮经鞣制等化学和物理方法处理后，保持其绒毛形态及特点的毛皮(又称裘皮)的生产活动
137,毛皮服装加工,用各种动物毛皮和人造毛皮为面料或里料，加工制作毛皮服装的生产活动
138,其他毛皮制品加工,用各种动物毛皮和人造毛皮为材料，加工制作上述类别未列明的其他各种用途毛皮制品的生产活动
139,羽毛(绒)加工及制品制造,
140,羽毛（绒）加工,对鹅、鸭等禽类羽毛进行加工成标准毛的生产活动
141,羽毛（绒）制品加工,用加工过的羽毛(绒)作为填充物制作各种用途的羽绒制品(如羽绒服装、羽绒寝具、羽绒睡袋等)的生产活动
142,制鞋业,纺织面料鞋、皮鞋、塑料鞋、橡胶鞋及其他各种鞋的生产活动
143,纺织面料鞋制造,用各种纺织面料、木材、棕草等原料缝制、模压或编制各种鞋的生产活动
144,皮鞋制造,全部或大部分用皮革、人造革、合成革为面料，橡胶、塑料或合成材料等为外底，按缝绱、胶粘、模压、注塑等工艺方法制作各种皮鞋的生产活动
145,塑料鞋制造,聚氯乙烯、聚乙烯、聚氨酯和乙烯醋酸乙烯等树脂为原料生产发泡或不发泡的塑料鞋类制品的活动
146,橡胶鞋制造,橡胶作为鞋底、鞋帮的运动鞋及其他橡胶鞋和橡胶鞋部件的生产活动
147,其他制鞋业,
148,木材加工和木、竹、藤、棕、草制品业,
149,木材加工,
150,锯材加工,原木为原料，利用锯木机械或手工工具将原木纵向锯成具有一定断面尺寸（宽、厚度）的木材加工生产活动，用防腐剂和其他物质浸渍木料或对木料进行化学处理的加工，及地板毛料的制造
151,木片加工,利用森林采伐、造材、加工等剩余物和定向培育的木材，经削（刨）片机加工成一定规格的产品生产活动
152,单板加工,用于胶合板、细工木板、木质重组装饰材、装饰单板（厚度0.55mm下)、单层板积材（LVL）、纺织用木质层压板、电工层压板和木质层积塑料等材料的生产活动
153,其他木材加工,对木材进行干燥、防腐、改性、染色加工等活动
154,人造板制造,用木材及其剩余物、棉秆、甘蔗渣和芦苇等植物纤维为原料，加工成符合国家标准的胶合板、纤维板、刨花板、细木工板和木丝板等产品的生产活动，及人造板二次加工装饰板的制造
155,胶合板制造,具有一定规格的原木经旋（刨）切成单板，再经干燥、涂胶、组坯、热压而成的符合国家标准及供需双方协定标准的产品生产活动
156,纤维板制造,用木材碎料（包括木片）、棉秆、甘蔗渣、芦苇等植物纤维作原料，经削片纤维分离，铺装成型，热压而成的产品生产活动
157,刨花板制造,用木材碎料（包括木片）和其他植物纤维作原料，制成刨花，经干燥、施胶，铺装成型，热压而成的产品生产活动
158,其他人造板制造,包括非木质人造板、细工木板、胶合木等其他各类人造板的制造
159,木质制品制造,木材为原料加工成建筑用木料和木材组件、木容器、软木制品及其他木制品的生产活动，但不包括木质家具的制造
160,建筑用木料及木材组件加工,主要用于建筑施工工程的木质制品，如建筑施工用的大木工或其他支撑物，及建筑木工的生产活动
161,木门窗制造,
162,木楼梯制造,
163,木地板制造,
164,木制容器制造,
165,软木制品及其他木制品制造,天然软木除去表皮，经初加工后获得的结块软木及其制品的生产活动，及其他未列明的木质产品的生产活动，包括整体定制家具制造的活动
166,竹、藤、棕、草等制品制造,除木材外，竹、藤、棕、草等天然植物为原料生产制品的活动，但不包括家具的制造
167,竹制品制造,竹胶合板、竹地板、竹丝板、竹梯子、竹键盘、竹篮子、竹筷子、竹席、高温竹炭制品等竹制工业用品、建筑用品、包装用品、保健品和生活日用品的制造
168,藤制品制造,
169,棕制品制造,
170,草及其他制品制造,
171,家具制造业,用木材、金属、塑料、竹、藤等材料制作的，具有坐卧、凭倚、储藏、间隔等功能，可用于住宅、旅馆、办公室、学校、餐馆、医院、剧场、公园、船舰、飞机、机动车等任何场所的各种家具的制造
172,木质家具制造,天然木材和木质人造板为主要材料，配其他辅料（如油漆、贴面材料、玻璃、五金配件等）制作各种家具的生产活动
173,竹、藤家具制造,竹材和藤材为主要材料，配其他辅料制作各种家具的生产活动
174,金属家具制造,支(框)架及主要部件铸铁、钢材、钢板、钢管、合金等金属为主要材料，结合使用木、竹、塑等材料，配人造革、尼龙布、泡沫塑料等其他辅料制作各种家具的生产活动
175,塑料家具制造,用塑料管、板、异型材加工或用塑料、玻璃钢（即增强塑料）直接在模具中成型的家具的生产活动
176,其他家具制造,主要由弹性材料(如弹簧、蛇簧、拉簧等)和软质材料(如棕丝、棉花、乳胶海绵、泡沫塑料等)，辅绷结材料(如绷绳、绷带、麻布等)和装饰面料及饰物(如棉、毛、化纤织物及牛皮、羊皮、人造革等)制成的各种软家具；玻璃为主要材料，辅木材或金属材料制成的各种玻璃家具，及其他未列明的原材料制作各种家具的生产活动
177,造纸和纸制品业,
178,纸浆制造,经机械或化学方法加工纸浆的生产活动
179,木竹浆制造,
180,非木竹浆制造,
181,造纸,用纸浆或其他原料（如矿渣棉、云母、石棉等）悬浮在流体中的纤维，经过造纸机或其他设备成型，或手工操作而成的纸及纸板的制造
182,机制纸及纸板制造,
183,手工纸制造,采用手工操作成型，制成纸的生产活动
184,加工纸制造,对原纸及纸板进一步加工的生产活动
185,纸制品制造,用纸及纸板为原料，进一步加工制成纸制品的生产活动
186,纸和纸板容器制造,
187,其他纸制品制造,符合出售规格或包装要求的纸制品，及其他未列明的纸制品的制造
188,印刷和记录媒介复制业,
189,印刷,
190,书、报刊印刷,
191,本册印制,由各种纸及纸板制作的，用于书写和其他用途的本册生产活动
192,包装装潢及其他印刷,根据一定的商品属性、形态，采用一定的包装材料，经过对商品包装的造型结构艺术和图案文字的设计与安排来装饰美化商品的印刷，及其他印刷活动
193,装订及印刷相关服务,专门企业从事的装订、压印媒介制造等与印刷有关的服务
194,记录媒介复制,将母带、母盘上的信息进行批量翻录的生产活动
195,文教、工美、体育和娱乐用品制造业,
196,文教办公用品制造,
197,文具制造,办公、学习等使用的各种文具的制造
198,笔的制造,用于学习、办公或绘画等用途的各种笔制品的制造
199,教学用模型及教具制造,主要用于教学的各种专用模型、标本及教具的制造
200,墨水、墨汁制造,
201,其他文教办公用品制造,上述未列明的文教办公类用品的制造
202,乐器制造,中国民族乐器、西乐器等各种乐器及乐器零部件和配套产品的制造，但不包括玩具乐器的制造
203,中乐器制造,
204,西乐器制造,
205,电子乐器制造,
206,其他乐器及零件制造,其他未列明的乐器、乐器零件及配套产品的制造
207,工艺美术及礼仪用品制造,
208,雕塑工艺品制造,玉石、宝石、象牙、角、骨、贝壳等硬质材料，木、竹、椰壳、树根、软木等天然植物，及石膏、泥、面、塑料等为原料，经雕刻、琢、磨、捏或塑等艺术加工而制成的各种供欣赏、实用和礼仪用的工艺品制作活动
209,金属工艺品制造,金、银、铜、铁、锡等各种金属为原料，经过制胎、浇铸、锻打、錾刻、搓丝、焊接、纺织、镶嵌、点兰、烧制、打磨、电镀等各种工艺加工制成的造型美观、花纹图案精致的各种供欣赏、实用和礼仪用的工艺美术品制作活动
210,漆器工艺品制造,将半生漆、腰果漆加工调配成各种鲜艳的漆料，木、纸、塑料、铜、布等作胎，采用推光、雕填、彩画、镶嵌、刻灰等传统工艺和现代漆器工艺进行的各种供欣赏、实用和礼仪用的工艺制品制作活动
211,花画工艺品制造,绢、丝、绒、纸、涤纶、塑料、羽毛、通草及鲜花草等为原料，经造型设计、模压、剪贴、干燥等工艺精制而成的花、果、叶等人造花类工艺品，画面出现、可挂或摆的具有欣赏性、装饰性和礼仪用的画类工艺品制作活动
212,天然植物纤维编织工艺品制造,竹、藤、棕、草、柳、葵、麻等天然植物纤维为材料，经编织或镶嵌而成具有造型艺术或图案花纹，欣赏为主的工艺陈列品、礼仪用品及工艺实用品的制作活动
213,抽纱刺绣工艺品制造,棉、麻、丝、毛及人造纤维纺织品等为主要原料，经设计、刺绣、抽、拉、钩等工艺加工各种生活装饰用品，及纺织品为主要原料，经特殊手工工艺或民间工艺方法加工成各种具有较强装饰效果的生活用纺织品和礼仪用品的制作活动
214,地毯、挂毯制造,羊毛、丝、棉、麻及人造纤维等为原料，经手工编织、机织、栽绒等方式加工而成的各种具有装饰性的地面覆盖物或可用于悬挂、垫坐等用途的生活装饰用品和礼仪用品的制作活动
215,珠宝首饰及有关物品制造,金、银、铂等贵金属及其合金及钻石、宝石、玉石、翡翠、珍珠等为原料，经金属加工和连结组合、镶嵌等工艺加工制作各种图案的装饰品和礼仪用品的制作活动
216,其他工艺美术及礼仪用品制造,
217,体育用品制造,
218,球类制造,各种皮制、胶制、革制的可充气的运动用球，及其他材料制成的各种运动用硬球、软球等球类产品的生产活动
219,专项运动器材及配件制造,各项竞技比赛和训练用器材及用品，体育场馆设施及器件的生产活动
220,健身器材制造,供健身房、家庭或体育训练用的健身器材及运动物品的制造
221,运动防护用具制造,用各种材质，为各项运动特制手套、鞋、帽和护具的生产活动
222,其他体育用品制造,钓鱼专用的各种用具及用品，及上述未列明的体育用品制造
223,玩具制造,儿童为主要使用者，用于玩耍、智力开发等娱乐器具的制造
224,电玩具制造,制造供14岁下儿童玩耍的、至少有一种玩耍功能需要使用额定电压小于或等于24V的玩具产品
225,塑胶玩具制造,制造供14岁下儿童玩耍的、玩具主体或主要玩耍部分由塑胶制成的，非预定承载儿童体重的非电玩具产品
226,金属玩具制造,制造供14岁下儿童玩耍的、玩具主体或主要玩耍部分由金属材料制成的，非预定承载儿童体重的非电玩具产品
227,弹射玩具制造,制造供14岁下儿童玩耍的，各种材质的通过可贮存和释放能量的弹射机构发射弹射物的蓄能弹射玩具和由儿童给予的能量发射弹射物的非蓄能弹射玩具的玩具产品
228,娃娃玩具制造,制造供14岁下儿童玩耍的、至少头部和四肢由非纺织物材质的聚合材料制成，并带有服装或身体由软性材料填充的非电的婴儿娃娃或人物娃娃玩具产品
229,儿童乘骑玩耍的童车类产品制造,制造供儿童乘骑玩耍的童车类产品（含儿童推车、婴儿学步车）
230,其他玩具制造,
231,游艺器材及娱乐用品制造,
232,露天游乐场所游乐设备制造,主要安装在公园、游乐园、水上乐园、儿童乐园等露天游乐场所的电动及非电动游乐设备和游艺器材的制造
233,游艺用品及室内游艺器材制造,主要供室内、桌上等游艺及娱乐场所使用的游乐设备、游艺器材和游艺娱乐用品，及主要安装在室内游乐场所的电子游乐设备的制造
234,其他娱乐用品制造,
235,石油、煤炭及其他燃料加工业,
236,精炼石油产品制造,
237,原油加工及石油制品制造,从天然原油、人造原油中提炼液态或气态燃料及石油制品的生产活动
238,其他原油制造,采用油页岩、油砂、焦油及一氧化碳、氢等气体等加工得到的类似天然石油的液体燃料的生产活动
239,煤炭加工,
240,炼焦,主要从硬煤和褐煤中生产焦炭、干馏炭及煤焦油或沥青等副产品的炼焦炉的操作活动
241,煤制合成气生产,
242,煤制液体燃料生产,通过化学加工过程把固体煤炭转化成为液体燃料、化工原料和产品的活动，如煤制甲醇、煤制烯烃等
243,煤制品制造,用烟煤、无烟煤、褐煤及其他各种煤炭制成的煤砖、煤球等固体燃料制品的活动
244,其他煤炭加工,煤质活性炭等其他煤炭加工活动
245,核燃料加工,从沥青铀矿或其他含铀矿石中提取铀、浓缩铀的生产，对铀金属的冶炼、加工，及其他放射性元素、同位素标记、核反应堆燃料元件的制造，还包括与核燃料加工有关的核废物处置活动
246,生物质燃料加工,
247,生物质液体燃料生产,利用农作物秸秆和农业加工剩余物、薪材及林业加工剩余物、禽畜粪便、工业有机废水和废渣、城市生活垃圾和能源植物等生物质资源作为原料转化为液体燃料的活动
248,生物质致密成型燃料加工,包括对下列生物质燃料的加工活动：林木致密成型燃料，秸秆致密成型燃料，废物、废料致密成型燃料，其他生物致密成型燃料；不包括：木炭、竹炭加工
249,化学原料和化学制品制造业,
250,基础化学原料制造,
251,无机酸制造,
252,无机碱制造,烧碱、纯碱等生产活动
253,无机盐制造,
254,有机化学原料制造,
255,其他基础化学原料制造,
256,肥料制造,化学肥料、有机肥料及微生物肥料的制造
257,氮肥制造,矿物氮肥及用化学方法制成含有作物营养元素氮的化肥的生产活动
258,磷肥制造,磷矿石为主要原料，用化学或物理方法制成含有作物营养元素磷的化肥的生产活动
259,钾肥制造,用天然钾盐矿经富集精制加工制成含有作物营养元素钾的化肥的生产活动
260,复混肥料制造,经过化学或物理方法加工制成的，含有两种上作物所需主要营养元素（氮、磷、钾）的化肥的生产活动；包括通用型复混肥料和专用型复混肥料
261,有机肥料及微生物肥料制造,来源于动植物，经发酵或腐熟等化学处理后，适用于土壤并提供植物养分供给的，其主要成分为含氮物质的肥料制造
262,其他肥料制造,上述未列明的微量元素肥料及其他肥料的生产
263,农药制造,用于防治农业、林业作物的病、虫、草、鼠和其他有害生物，调节植物生长的各种化学农药、微生物农药、生物化学农药，及仓储、农林产品的防蚀、河流堤坝、铁路、机场、建筑物及其他场所用药的原药和制剂的生产活动
264,化学农药制造,化学农药原药，及经过机械粉碎、混合或稀释制成粉状、乳状和水状的化学农药制剂的生产活动
265,生物化学农药及微生物农药制造,由细菌、真菌、病毒和原生动物或基因修饰的微生物等自然产生，及由植物提取的防治病、虫、草、鼠和其他有害生物的农药制剂生产活动
266,涂料、油墨、颜料及类似产品制造,
267,涂料制造,在天然树脂或合成树脂中加入颜料、溶剂和辅助材料，经加工后制成的覆盖材料的生产活动
268,油墨及类似产品制造,由颜料、联接料（植物油、矿物油、树脂、溶剂）和填充料经过混合、研磨调制而成，用于印刷的有色胶浆状物质，及用于计算机打印、复印机用墨等生产活动
269,工业颜料制造,用于陶瓷、搪瓷、玻璃等工业的无机颜料及类似材料的生产活动
270,工艺美术颜料制造,油画、水粉画、广告等艺术用颜料的制造
271,染料制造,有机合成、植物性或动物性色料，及有机颜料的生产活动
272,密封用填料及类似品制造,用于建筑涂料、密封和漆工用的填充料，及其他类似化学材料的制造
273,合成材料制造,
274,初级形态塑料及合成树脂制造,也称初级塑料或原状塑料的生产活动，包括通用塑料、工程塑料、功能高分子塑料的制造
275,合成橡胶制造,用一种或多种单体为原料进行聚合生产合成橡胶或高分析弹性体的生产活动
276,合成纤维单（聚合）体制造,石油、天然气、煤等为主要原料，用有机合成的方法制成合成纤维单体或聚合体的生产活动
277,其他合成材料制造,陶瓷纤维等特种纤维及其增强的复合材料的生产活动；其他专用合成材料的制造
278,专用化学产品制造,
279,化学试剂和助剂制造,各种化学试剂、催化剂及专用助剂的生产活动
280,专项化学用品制造,水处理化学品、造纸化学品、皮革化学品、油脂化学品、油田化学品、生物工程化学品、日化产品专用化学品等产品的生产活动
281,林产化学产品制造,林产品为原料，经过化学和物理加工方法生产产品的活动，包括木炭、竹炭生产活动
282,文化用信息化学品制造,电影、照相、幻灯及投影用感光材料、冲洗套药，磁、光记录材料，光纤维通讯用辅助材料，及其专用化学制剂的制造
283,医学生产用信息化学品制造,医学和其他生产用感光材料、冲洗套药等化学制剂制造
284,环境污染处理专用药剂材料制造,对水污染、空气污染、固体废物、土壤污染等污染物处理所专用的化学药剂及材料的制造
285,动物胶制造,动物骨、皮为原料，经一系列工艺处理制成有一定透明度、黏度、纯度的胶产品的生产活动
286,其他专用化学产品制造,其他各种用途的专用化学用品的制造
287,炸药、火工及焰火产品制造,
288,炸药及火工产品制造,各种军用和生产用炸药、雷管及类似的火工产品的制造
289,焰火、鞭炮产品制造,节日、庆典用焰火及民用烟花、鞭炮等产品的制造
290,日用化学产品制造,
291,肥皂及洗涤剂制造,喷洒、涂抹、浸泡等方式施用于肌肤、器皿、织物、硬表面，即冲即洗，起到清洁、去污、渗透、乳化、分散、护理、消毒除菌等功能，广泛用于家居、个人清洁卫生、织物清洁护理、工业清洗、公共设施及环境卫生清洗等领域的产品（固、液、粉、膏、片状等），及中间体表面活性剂产品的制造
292,化妆品制造,涂抹、喷洒或者其他类似方法，撒布于人体表面任何部位（皮肤、毛发、甲、口唇等），达到清洁、消除不良气味、护肤、美容和修饰目的的日用化学工业产品的制造
293,口腔清洁用品制造,用于口腔或牙齿清洁卫生制品的生产活动
294,香料、香精制造,具有香气和香味，用于调配香精的物质――香料的生产，及多种天然香料和合成香料为主要原料，并与其他辅料一起按合理的配方和工艺调配制得的具有一定香型的复杂混合物，主要用于各类加香产品中的香精的生产活动
295,其他日用化学产品制造,室内散香或除臭制品，光洁用品，擦洗膏及类似制品，动物用化妆盥洗品，火柴，蜡烛及类似制品等日用化学产品的生产活动
296,医药制造业,
297,化学药品原料药制造,供进一步加工化学药品制剂、生物药品制剂所需的原料药生产活动
298,化学药品制剂制造,直接用于人体疾病防治、诊断的化学药品制剂的制造
299,中药饮片加工,对采集的天然或人工种植、养殖的动物、植物和矿物的药材部位进行加工、炮制，使其符合中药处方调剂或中成药生产使用的活动
300,中成药生产,中药材为原料，在中医药理论导下，为了预防及治疗疾病的需要，按规定的处方和制剂工艺将其加工制成一定剂型的中药制品的生产活动
301,兽用药品制造,用于动物疾病防治医药的制造
302,生物药品制品制造,利用生物技术生产生物化学药品、基因工程药物和疫苗的制剂生产活动
303,生物药品制造,利用生物技术生产生物化学药品的生产活动
304,基因工程药物和疫苗制造,
305,卫生材料及医药用品制造,卫生材料、外科敷料及其他内、外科用医药制品的制造
307,药用辅料及包装材料制造,
308,化学纤维制造业,
309,纤维素纤维原料及纤维制造,
310,化纤浆粕制造,纺织生产用粘胶纤维的基本原料生产活动
311,人造纤维（纤维素纤维）制造,用化纤浆粕经化学加工生产纤维的活动
312,合成纤维制造,石油、天然气、煤等为主要原料，用有机合成的方法制成单体，聚合后经纺丝加工生产纤维的活动
313,锦纶纤维制造,也称聚酰胺纤维制造，由尼龙66盐和聚己内酰胺为主要原料生产合成纤维的活动
314,涤纶纤维制造,是聚酯纤维制造的一种，聚对苯二甲酸乙二醇酯为原料生产合成纤维的活动
315,腈纶纤维制造,也称聚丙烯腈纤维制造，丙烯腈为主要原料（含丙烯腈85%上）生产合成纤维的活动
316,维纶纤维制造,也称聚乙烯醇纤维制造，聚乙烯醇为主要原料生产合成纤维的活动
317,丙纶纤维制造,也称聚丙烯纤维制造，聚丙烯为主要原料生产合成纤维的活动
318,氨纶纤维制造,也称聚氨酯纤维制造，聚氨基甲酸酯为主要原料生产合成纤维的活动
319,其他合成纤维制造,
320,生物基材料制造,
321,生物基化学纤维制造,生物单体或天然有机高分子为原料生产纤维的活动，除天然动植物纤维外，特生物基再生纤维、生物基合成纤维等
322,生物基、淀粉基新材料制造,使用可再生生物资源（如玉米、木薯、秸秆等）经过糖化、发酵、聚合等步骤制成的聚乳酸等生物基、淀粉基材料的活动
323,橡胶和塑料制品业,
324,橡胶制品业,天然及合成橡胶为原料生产各种橡胶制品的活动，还包括利用废橡胶再生产橡胶制品的活动；不包括橡胶鞋制造
325,轮胎制造,
326,橡胶板、管、带制造,用未硫化的、硫化的或硬质橡胶生产橡胶板状、片状、管状、带状、棒状和异型橡胶制品的活动，及橡胶为主要成分，用橡胶灌注、涂层、覆盖或层叠的纺织物、纱绳、钢丝（钢缆）等制作的传动带或输送带的生产活动
327,橡胶零件制造,各种用途的橡胶异形制品、橡胶零配件制品的生产活动
328,再生橡胶制造,用废橡胶生产再生橡胶的活动
329,日用及医用橡胶制品制造,
330,运动场地用塑胶制造,运动场地、操场及其他特殊场地用的合成材料跑道面层制造和其他塑胶制造
331,其他橡胶制品制造,
332,塑料制品业,合成树脂（高分子化合物）为主要原料，经采用挤塑、注塑、吹塑、压延、层压等工艺加工成型的各种制品的生产，及利用回收的废旧塑料加工再生产塑料制品的活动；不包括塑料鞋制造
333,塑料薄膜制造,用于农业覆盖，工业、商业及日用包装薄膜的制造
334,塑料板、管、型材制造,各种塑料板、管及管件、棒材、薄片等生产活动，及聚氯乙烯为主要原料，经连续挤出成型的塑料异型材的生产活动
335,塑料丝、绳及编织品制造,塑料制丝、绳、扁条，塑料袋及编织袋、编织布等生产活动
336,泡沫塑料制造,合成树脂为主要原料，经发泡成型工艺加工制成内部具有微孔的塑料制品的生产活动
337,塑料人造革、合成革制造,外观和手感似皮革，其透气、透湿性虽然略逊色于天然革，但具有优异的物理、机械性能，如强度和耐磨性等，并可代替天然革使用的塑料人造革的生产活动；模拟天然人造革的组成和结构，正反面都与皮革十分相似，比普通人造革更近似天然革，并可代替天然革的塑料合成革的生产活动
338,塑料包装箱及容器制造,用吹塑或注塑工艺等制成的，可盛装各种物品或液体物质，便于储存、运输等用途的塑料包装箱及塑料容器制品的生产活动
339,日用塑料制品制造,塑料制餐、厨用具，卫生设备、洁具及其配件，塑料服装，日用塑料装饰品，及其他日用塑料制品的生产活动
340,人造草坪制造,采用合成纤维，植入在机织的基布上，并具有天然草运动性能的人造草制造
341,塑料零件及其他塑料制品制造,塑料制绝缘零件、密封制品、紧固件，及汽车、家具等专用零配件的制造，及上述未列明的其他各类非日用塑料制品的生产活动
342,非金属矿物制品业,
343,水泥、石灰和石膏制造,
344,水泥制造,水泥熟料加入适量石膏或一定混合材，经研磨设备（水泥磨）磨制到规定的细度，制成水凝水泥的生产活动，还包括水泥熟料的生产活动
345,石灰和石膏制造,
346,石膏、水泥制品及类似制品制造,
347,水泥制品制造,水泥制管、杆、桩、砖、瓦等制品制造
348,砼结构构件制造,用于建筑施工工程的水泥混凝土预制构件的生产活动
349,石棉水泥制品制造,
350,轻质建筑材料制造,石膏板、石膏制品及类似轻质建筑材料的制造
351,其他水泥类似制品制造,玻璃纤维增强水泥制品，及其他未列明的水泥制品的制造
352,砖瓦、石材等建筑材料制造,粘土、陶瓷砖瓦的生产，建筑用石的加工，用废料或废渣生产的建筑材料，及其他建筑材料的制造
353,粘土砖瓦及建筑砌块制造,用粘土和其他材料生产的砖、瓦及建筑砌块的活动
354,建筑用石加工,用于建筑、筑路、墓地及其他用途的大理石板、花岗岩等石材的切割、成形和修饰活动
355,防水建筑材料制造,沥青或类似材料为主要原料制造防水材料的活动
356,隔热和隔音材料制造,用于隔热、隔音、保温的岩石棉、矿渣棉、膨胀珍珠岩、膨胀蛭石等矿物绝缘材料及其制品的制造，但不包括石棉隔热、隔音材料的制造
357,其他建筑材料制造,
358,玻璃制造,任何形态玻璃的生产，及利用废玻璃再生产玻璃活动，包括特制玻璃的生产
359,平板玻璃制造,用浮法、垂直引上法、压延法等生产平板玻璃原片的活动
360,特种玻璃制造,具有钢化、单向透视、耐高压、耐高温、隔音、防紫外线、防弹、防爆、中空、夹层、变形、超厚、超薄等某一种特殊功能或特殊工艺的玻璃制造
361,其他玻璃制造,未列明的玻璃制造
362,玻璃制品制造,任何形态玻璃制品的生产，及利用废玻璃再生产玻璃制品的活动
363,技术玻璃制品制造,用于建筑、工业生产的技术玻璃制品的制造
364,光学玻璃制造,用于放大镜、显微镜、光学仪器等方面的光学玻璃，日用光学玻璃，钟表用玻璃或类似玻璃，光学玻璃眼镜毛坯的制造，及未进行光学加工的光学玻璃元件的制造
365,玻璃仪器制造,实验室、医疗卫生用各种玻璃仪器和玻璃器皿及玻璃管的制造
366,日用玻璃制品制造,餐厅、厨房、卫生间、室内装饰及其他生活用玻璃制品的制造
367,玻璃包装容器制造,主要用于产品包装的各种玻璃容器的制造
368,玻璃保温容器制造,玻璃保温瓶和其他个人或家庭用玻璃保温容器的制造
369,制镜及类似品加工,平板玻璃为材料，经对其进行镀银、镀铝，或冷、热加工后成型的镜子及类似制品的制造
370,其他玻璃制品制造,
371,玻璃纤维和玻璃纤维增强塑料制品制造,
372,玻璃纤维及制品制造,
373,玻璃纤维增强塑料制品制造,也称玻璃钢，用玻璃纤维增强热固性树脂生产塑料制品的活动
374,陶瓷制品制造,
375,建筑陶瓷制品制造,用于建筑物的内、外墙及地面装饰或耐酸腐蚀的陶瓷材料（不论是否涂釉）的生产活动，及水道、排水沟的陶瓷管道及配件的制造
376,卫生陶瓷制品制造,卫生和清洁盥洗用的陶瓷用具的生产活动
377,特种陶瓷制品制造,专为工业、农业、实验室等领域的各种特定用途和要求，采用特殊生产工艺制造陶瓷制品的生产活动
378,日用陶瓷制品制造,粘土、瓷石、长石、石英等为原料，经破碎、制泥、成型、烧炼等工艺制成，主要供日常生活用的各种瓷器、炻器、陶器等陶瓷制品的制造
379,陈设艺术陶瓷制造,粘土、瓷土、瓷石、长石、石英等为原料，经制胎、施釉、装饰、烧制等工艺制成，主要供欣赏、装饰的陶瓷工艺美术品制造
380,园艺陶瓷制造,专门为园林、公园、室外景观的摆设或具有一定功能的大型陶瓷制造
381,其他陶瓷制品制造,石英、长石、瓷土等为原料，经制胎、施釉、装饰、烧成等工艺制成的实用陶瓷的制造，及其他未列明的陶瓷制品的制造
382,耐火材料制品制造,
383,石棉制品制造,石棉或其他矿物纤维素为基础，制造摩擦制品、石棉纺织制品、石棉橡胶制品、石棉保温隔热材料制品的生产活动
384,云母制品制造,
385,耐火陶瓷制品及其他耐火材料制造,用硅质、粘土质、高铝质等石粉成形的陶瓷隔热制品的制造
386,石墨及其他非金属矿物制品制造,
387,石墨及碳素制品制造,炭、石墨材料加工的特种石墨制品、石墨烯、碳素制品、异形制品，及用树脂和各种有机物浸渍加工而成的碳素异形产品的制造
388,其他非金属矿物制品制造,
389,黑色金属冶炼和压延加工业,
390,炼铁,用高炉法、直接还原法、熔融还原法等，将铁从矿石等含铁化合物中还原出来的生产活动
391,炼钢,利用不同来源的氧（如空气、氧气）来氧化炉料（主要是生铁）所含杂质的金属提纯活动
392,钢压延加工,通过热轧、冷加工、锻压和挤压等塑性加工使连铸坯、钢锭产生塑性变形，制成具有一定形状尺寸的钢材产品的生产活动
393,铁合金冶炼,铁与其他一种或一种上的金属或非金属元素组成的合金生产活动
394,有色金属冶炼和压延加工业,
395,常用有色金属冶炼,通过熔炼、精炼、电解或其他方法从有色金属矿、废杂金属料等有色金属原料中提炼常用有色金属的生产活动
396,铜冶炼,对铜精矿等矿山原料、废杂铜料进行熔炼、精炼、电解等提炼铜的生产活动
397,铅锌冶炼,
398,镍钴冶炼,
399,锡冶炼,
400,锑冶炼,
401,铝冶炼,对铝矿山原料通过冶炼、电解、铸型，及对废杂铝料进行熔炼等提炼铝的生产活动
402,镁冶炼,
403,硅冶炼,
404,其他常用有色金属冶炼,
405,贵金属冶炼,对金、银及铂族金属的提炼活动
406,金冶炼,用金精（块）矿、阳极泥（冶炼其他有色金属时回收的阳极泥含金）、废杂金提炼黄金的生产活动
407,银冶炼,用银精（块）矿、阳极泥（冶炼其他有色金属时回收的阳极泥含银）、废杂银提炼白银的生产活动
408,其他贵金属冶炼,
409,稀有稀土金属冶炼,钨钼、稀有轻金属、稀有高熔点金属、稀散金属、稀土金属及其他稀有稀土金属冶炼活动，但不包括钍和铀等放射性金属的冶炼加工
410,钨钼冶炼,
411,稀土金属冶炼,
412,其他稀有金属冶炼,
413,有色金属合金制造,有色金属为基体，加入一种或几种其他元素所构成的合金生产活动
414,有色金属压延加工,
415,铜压延加工,铜及铜合金的压延加工生产活动
416,铝压延加工,铝及铝合金的压延加工生产活动
417,贵金属压延加工,对金、银及铂族等贵金属，进行轧制、拉制或挤压加工的生产活动
418,稀有稀土金属压延加工,对钨、钼、钽等稀有金属材的加工
419,其他有色金属压延加工,
420,金属制品业,
421,结构性金属制品制造,
422,金属结构制造,铁、钢或铝等金属为主要材料，制造金属构件、金属构件零件、建筑用钢制品及类似品的生产活动，这些制品可运输，并便于装配、安装或竖立
423,金属门窗制造,用金属材料（铝合金或其他金属）制作建筑物用门窗及类似品的生产活动
424,金属工具制造,
425,切削工具制造,手工或机床用可互换的切削工具的制造
426,手工具制造,在生产和日常生活中，进行装配、安装、维修时使用的手工工具的制造
427,农用及园林用金属工具制造,主要用于农牧业生产的小农具，园艺或林业作业用金属工具的制造
428,刀剪及类似日用金属工具制造,日常生活用刀剪、刀具、甲钳等类似金属工具的制造
429,其他金属工具制造,上述类别未包括的用于各种用途的金属工具的制造
430,集装箱及金属包装容器制造,
431,集装箱制造,专门设计，可长期反复使用，不用换箱内货物，便可从一种运输方式转移到另一种运输方式的放置货物的钢质箱体（其容积大于1m3）的生产活动
432,金属压力容器制造,用于存装压缩气体、液化气体及其他具有一定压力的液体物质的金属容器（不论其是否配有顶盖、塞子，或衬有除铁、钢、铝外的材料）的制造
433,金属包装容器及材料制造,主要为商品运输或包装而制作的金属包装容器及附件的制造
434,金属丝绳及其制品制造,
435,建筑、安全用金属制品制造,
436,建筑、家具用金属配件制造,用于建筑物、家具、交通工具或其他场所和用具的金属装置、锁及其金属配件的制造
437,建筑装饰及水暖管道零件制造,用于建筑方面的金属装饰材料，及建筑工程对中性介质（如水、油、蒸汽、空气、煤气等没有腐蚀性的气体和液体物质）在低压下进行工作的设备和管道上所使用的金属附件的制造
438,安全、消防用金属制品制造,安全、消防用金属保险柜、保险箱、消防梯等金属制品的制造
439,其他建筑、安全用金属制品制造,
440,金属表面处理及热处理加工,对外来的金属物件表面进行的电镀、镀层、抛光、喷涂、着色等专业性作业加工
441,搪瓷制品制造,在金属坯体表面涂搪瓷釉制成的，具有金属机械强度和瓷釉物化特征，及可装饰性的制品制造
442,生产专用搪瓷制品制造,专为工业生产设备、工业产品及家电配套的各种搪瓷制品的制造
443,建筑装饰搪瓷制品制造,用于建筑及其装饰方面的搪瓷制品和搪瓷制建筑材料的制造
444,搪瓷卫生洁具制造,卫生用和清洁盥洗用搪瓷用具的生产活动
445,搪瓷日用品及其他搪瓷制品制造,金属薄板经过成型、搪烧制成的日用品及其他搪瓷制品的制造
446,金属制日用品制造,不锈钢、铝等金属为主要原材料，加工制作各种日常生活用金属制品的生产活动
447,金属制厨房用器具制造,厨房烹制、调理用各种金属器具、用具的生产活动
448,金属制餐具和器皿制造,
449,金属制卫生器具制造,卫生用和清洁盥洗用的各种金属器具、用具的生产活动
450,其他金属制日用品制造,
451,铸造及其他金属制品制造,
452,黑色金属铸造,铸铁件、铸钢件等各种成品、半成品的制造
453,有色金属铸造,有色金属及其合金铸造的各种成品、半成品的制造
454,锻件及粉末冶金制品制造,通过对金属坯料进行锻造变形而得到的工件或毛坯，或者将金属粉末和与非金属粉末的混合物通过压制变形、烘焙制作制品和材料的活动，包括自由锻件、模锻件、特殊成形锻件、冷锻件、温锻件、粉末冶金件等制造
455,交通及公共管理用金属标牌制造,
456,其他未列明金属制品制造,其他上述未包括的金属制品的制造；本类别还包括武器弹药的制造
457,通用设备制造业,
458,锅炉及原动设备制造,
459,锅炉及辅助设备制造,各种蒸汽锅炉、汽化锅炉，及除同位素分离器外的各种核反应堆的制造
460,内燃机及配件制造,用于移动或固定用途的往复式、旋转式、火花点火式或压燃式内燃机及配件的制造，但不包括飞机、汽车和摩托车发动机的制造
461,汽轮机及辅机制造,汽轮机和燃气轮机（蒸汽涡轮机）的制造
462,水轮机及辅机制造,
463,风能原动设备制造,风能发电设备及其他风能原动设备制造
464,其他原动设备制造,
465,金属加工机械制造,
466,金属切削机床制造,用于加工金属的各种切削加工数控机床及普通机床的制造
467,金属成形机床制造,锻压、锤击和模压方式加工金属的机床，或弯曲、折叠、矫直、剪切、冲压、开槽、拉丝等方式加工金属的数控机床及普通机床的制造
468,铸造机械制造,金属铸件（机械零件毛坯件）铸造用专用设备及其专门配套件的制造，普通铸造设备、制芯设备、砂处理设备、清理设备和特种铸造设备等制造
469,金属切割及焊接设备制造,将电能及其他形式的能量转换为切割、焊接能量对金属进行切割、焊接设备的制造
470,机床功能部件及附件制造,实现机床核心功能的零件和部件的制造，及扩大机床加工性能和使用范围的附属装置的制造
471,其他金属加工机械制造,
472,物料搬运设备制造,在工厂、仓库、码头、站台及其他场地，进行起重、输送、装卸、搬运、堆码、存储等作业的机械设备及车辆及其专门配套件的制造
473,轻小型起重设备制造,结构轻巧、动作简单、可在狭小场地升降或移动重物的简易起重设备及器具的制造；包括起重滑车、手动葫芦、电动葫芦、普通卷扬机、千斤顶、汽车举升机、单轨小车等制造
474,生产专用起重机制造,具有起升、行走等主要工作机构的各种起重机及其专门配套件的制造
475,生产专用车辆制造,用于生产企业内部，进行装卸、堆跺或短距离搬运、牵引、顶推等作业的无轨车辆及其专门配套件的制造；包括电动叉车、内燃叉车、集装箱正面吊运机、短距离牵引车及固定平台搬运车、跨运车，及手动搬运、堆跺车等制造
476,连续搬运设备制造,在同一方向上，按照规定的线路连续或间歇地运送或装卸散状物料和成件物品的搬运设备及其专门配套件的制造；包括输送机械、装卸机械、给料机械等三类产品及其专门配套件的制造
477,电梯、自动扶梯及升降机制造,各种电梯、自动扶梯及自动人行道、升降机及其专门配套件的制造
478,客运索道制造,动力驱动，利用柔性绳索牵引箱体等运载工具运送人员的机电设备，包括客运架空索道、客运缆车、客运拖牵索道等制造
479,机械式停车设备制造,采用机械方法存取、停放汽车的机械装置或设备系统的制造，包括平面移动类、巷道堆垛类、垂直升降类、升降横移类、简易升降类停车设备
480,其他物料搬运设备制造,除上述外的其他物料搬运设备及其专门配套件的制造
481,泵、阀门、压缩机及类似机械制造,泵、真空设备、压缩机，液压和气压动力机械及类似机械和阀门的制造
482,泵及真空设备制造,用输送各种液体、液固混合体、液气混合体及其增压、循环、真空等用途的设备制造
483,气体压缩机械制造,对气体进行压缩，使其压力提高到340kPa上的压缩机械的制造
484,阀门和旋塞制造,通过改变其流道面积的大小，用控制流体流量、压力和流向的装置制造
485,液压动力机械及元件制造,液体为工作介质，依靠液体压力能，来进行能量转换、传递、控制和分配的元件和装置制造
486,液力动力机械及元件制造,液体为工作介质，依靠液体动量矩，来进行能量转换、传递、控制和分配的元件和装置制造
487,气压动力机械及元件制造,气体为工作介质，靠气压动力来传送能量的装置制造
488,轴承、齿轮和传动部件制造,
489,滚动轴承制造,将运转的轴与轴座之间的滑动摩擦变为滚动摩擦，从而减少摩擦损失的一种精密的机械元件的制造
490,滑动轴承制造,在滑动摩擦下工作的轴承制造
491,齿轮及齿轮减、变速箱制造,用于传递动力和转速的齿轮和齿轮减(增）速箱（机、器）、齿轮变速箱的制造；不包括汽车变速箱等制造
492,其他传动部件制造,除齿轮及齿轮减、变速箱外的其他相关传动装置制造；包括链传动、带传动、离合器、联轴节、制动器、平衡系统及其配套件制造
493,烘炉、风机、包装等设备制造,
494,烘炉、熔炉及电炉制造,使用液体燃料、粉状固体燃料（焚化炉）或气体燃料，进行煅烧、熔化或其他热处理用的非电力熔炉、窑炉和烘炉等燃烧器的制造，及工业或实验室用电炉及零件的制造
495,风机、风扇制造,用来输送各种气体，及气体增压、循环、通风换气、排尘等设备的制造
496,气体、液体分离及纯净设备制造,对气体进行杂质的去除，提高气体的纯度的气体净化设备制造；仅对气、液混合物进行分离，不改变气体、液体性质的气、液分离设备制造；对各种混合气体进行分离及液化的气体分离成套设备制造
497,制冷、空调设备制造,用于专业生产、商业经营等方面的制冷设备和空调设备的制造，但不包括家用空调设备的制造
498,风动和电动工具制造,带有电动机、非电力发动机或风动装置的手工操作加工工具的制造
499,喷枪及类似器具制造,
500,包装专用设备制造,对瓶、桶、箱、袋或其他容器的洗涤、干燥、装填、密封和贴标签等专用包装机械的制造
501,文化、办公用机械制造,
502,电影机械制造,各种类型或用途的电影摄影机、电影录音摄影机、影像放映机及电影辅助器材和配件的制造
503,幻灯及投影设备制造,通过媒体将在电子成像器件上的文字图像、胶片上的文字图像、纸张上的文字图像及实物投射到银幕上的各种设备、器材及零配件的制造
504,照相机及器材制造,各种类型或用途的照相机的制造；包括用制备印刷板，用于水下或空中照相的照相机制造，及照相机用闪光装置、摄影暗室装置和零件的制造
505,复印和胶印设备制造,各种用途的复印设备和集复印、打印、扫描、传真为一体的多功能一体机的制造；及主要用于办公室的胶印设备、文字处理设备及零件的制造
506,计算器及货币专用设备制造,金融、商业、交通及办公等使用的电子计算器、具有计算功能的数据记录、重现和显示机器的制造；及货币专用设备及类似机械的制造
507,其他文化、办公用机械制造,
508,通用零部件制造,
509,金属密封件制造,金属为原料制作密封件的生产活动
510,紧固件制造,
511,弹簧制造,
512,机械零部件加工,对专用和通用机械零部件的加工
513,其他通用零部件制造,
514,其他通用设备制造业,
515,工业机器人制造,用于工业自动化领域的工业机器人的制造
516,特殊作业机器人制造,用于特殊性作业的机器人制造，如水下、危险环境、高空作业、国防、科考、特殊搬运、农业等特殊作业机器人制造
517,增材制造装备制造,增材制造技术进行加工的设备制造和零部件制造
518,其他未列明通用设备制造业,
519,专用设备制造业,
520,采矿、冶金、建筑专用设备制造,
521,矿山机械制造,用于各种固体矿物及石料的开采和洗选的机械设备及其专门配套设备的制造；包括建井设备，采掘、凿岩设备，矿山提升设备，矿物破碎、粉磨设备，矿物筛分、洗选设备，矿用牵引车及矿车等产品及其专用配套件的制造
522,石油钻采专用设备制造,对陆地和近海石油、天然气等专用开采设备的制造；不包括深海石油、天然气勘探开采平台及相关漂浮设备的制造
523,深海石油钻探设备制造,对1500m上海洋的石油、天然气等专用开采设备的制造；不包括1500m下浅海和陆地石油、天然气勘探开采平台及相关漂浮设备的制造
524,建筑工程用机械制造,建筑施工及市政公共工程用机械的制造，包括土方机械、筑路机械、具有回转、变幅功能的工程起重机、建筑起重机等
525,建筑材料生产专用机械制造,生产水泥、水泥制品、玻璃及玻璃纤维、建筑陶瓷、砖瓦等建筑材料所使用的各种生产、搅拌成型机械的制造
526,冶金专用设备制造,金属冶炼、锭坯铸造、轧制及其专用配套设备等生产专用设备的制造
527,隧道施工专用机械制造,用于地下非开挖施工专用机械的制造，包括隧道掘进机（盾构机和硬岩掘进机）、顶管机、水平定向钻等
528,化工、木材、非金属加工专用设备制造,
529,炼油、化工生产专用设备制造,炼油、化学工业生产专用设备的制造，但不包括包装机械等通用设备的制造
530,橡胶加工专用设备制造,加工橡胶，或橡胶为材料生产橡胶制品的专用机械制造
531,塑料加工专用设备制造,塑料加工工业中所使用的各类专用机械和装置的制造
532,木竹材加工机械制造,在木竹材、木竹质板材、木制品及竹制品加工过程中的各类机械和设备的制造
533,模具制造,金属铸造用模具、矿物材料用模具、橡胶或塑料用模具及其他用途的模具的制造
534,其他非金属加工专用设备制造,
535,食品、饮料、烟草及饲料生产专用设备制造,
536,食品、酒、饮料及茶生产专用设备制造,主要用于食品、酒、饮料生产及茶制品加工等专用设备的制造
537,农副食品加工专用设备制造,对谷物、干豆类等农作物的筛选、碾磨、储存等专用机械，糖料和油料作物加工机械，畜禽屠宰、水产品加工及盐加工机械的制造
538,烟草生产专用设备制造,
539,饲料生产专用设备制造,
540,印刷、制药、日化及日用品生产专用设备制造,
541,制浆和造纸专用设备制造,在制浆、造纸、纸加工及纸制品的生产过程中所用的各类机械和设备的制造
542,印刷专用设备制造,使用印刷或其他方式将图文信息转移到承印物上的专用生产设备的制造
543,日用化工专用设备制造,日用化学工业产品，如洗涤用品、口腔清洁用品、化妆品、香精、香料、动物胶、感光材料及其他日用化学制品专用生产设备的制造
544,制药专用设备制造,化学原料药和药剂、中药饮片及中成药专用生产设备的制造
545,照明器具生产专用设备制造,用于生产各种类型电光源产品和各种照明器具产品的专用生产设备的制造
546,玻璃、陶瓷和搪瓷制品生产专用设备制造,用于生产加工玻璃制品、玻璃器皿的专用机械，陶瓷器等类似产品的加工机床和生产专用机械，及搪瓷制品生产设备的制造
547,其他日用品生产专用设备制造,上述未列明的日用品、工艺美术品的生产专用机械设备的制造
548,纺织、服装和皮革加工专用设备制造,
549,纺织专用设备制造,纺织纤维预处理、纺纱、织造和针织机械的制造
550,皮革、毛皮及其制品加工专用设备制造,在制革、毛皮鞣制及其制品的加工生产过程中所使用的各种专用设备的制造
551,缝制机械制造,用于服装、鞋帽、箱包等制作的专用缝纫机械制造，及生产加工各种面料服装、鞋帽所包括的铺布、裁剪、整烫、输送管理等机械和羽绒加工设备的制造
552,洗涤机械制造,洗衣店等专业洗衣机械的制造；不包括家用洗衣机的制造
553,电子和电工机械专用设备制造,
554,电工机械专用设备制造,电机、电线、电缆等电站、电工专用机械及器材的生产设备的制造
555,半导体器件专用设备制造,生产集成电路、二极管（含发光二极管）、三极管、太阳能电池片的设备的制造
556,电子元器件与机电组件设备制造,生产电容、电阻、电感、印制电路板、电声元件、锂离子电池等电子元器件与机电组件的设备的制造
557,其他电子专用设备制造,电子（气）物理设备及其他未列明的电子设备的制造
558,农、林、牧、渔专用机械制造,
559,拖拉机制造,
560,机械化农业及园艺机具制造,用于土壤处理，作物种植或施肥，种植物收割的农业、园艺或其他机械的制造
561,营林及木竹采伐机械制造,
562,畜牧机械制造,草原建设、管理，畜禽养殖及畜禽产品采集等专用机械的制造
563,渔业机械制造,渔业养殖、渔业捕捞等专用设备的制造
564,农林牧渔机械配件制造,拖拉机配件和其他农林牧渔机械配件的制造
565,棉花加工机械制造,棉花加工专用机械制造，棉花加工成套设备的制造和安装
566,其他农、林、牧、渔业机械制造,用于农产品初加工机械，及其他未列明的农、林、牧、渔业机械的制造
567,医疗仪器设备及器械制造,
568,医疗诊断、监护及治疗设备制造,用于内科、外科、眼科、妇产科等医疗专用诊断、监护、治疗等方面的设备制造
569,口腔科用设备及器具制造,用于口腔治疗、修补设备及器械的制造
570,医疗实验室及医用消毒设备和器具制造,医疗实验室或医疗用消毒、灭菌设备及器具的制造
571,医疗、外科及兽医用器械制造,各种手术室、急救室、诊疗室等医疗专用及兽医用手术器械、医疗诊断用品和医疗用具的制造
572,机械治疗及病房护理设备制造,各种治疗设备、病房护理及康复专用设备的制造
573,康复辅具制造,用于改善、补偿、替代人体功能和辅助性治疗康复辅助器具的制造，适用于残疾人和老年人生活护理、运动康复、教育和就业辅助、残疾儿童康复等；主要包括假肢、矫形器、轮椅和助行器、助听器和人工耳蜗等产品和零部件的制造，也包括智能仿生假肢、远程康复系统、虚拟现实康复训练设备等其他康复类产品的制造
574,眼镜制造,眼镜成镜、眼镜框架和零配件、眼镜镜片、角膜接触镜（隐形眼镜）及护理产品的制造
575,其他医疗设备及器械制造,外科、牙科等医疗专用及兽医用家具器械的制造和人工器官及植（介）入器械制造，及其他未列明的医疗设备及器械的制造
576,环保、邮政、社会公共服务及其他专用设备制造,
577,环境保护专用设备制造,用于大气污染防治、水污染防治、固体废弃物处理、土壤修复和抽样、噪声与振动控制、环境应急等环境污染防治专用设备制造
578,地质勘查专用设备制造,地质勘查（勘探）专用设备的制造；不包括通用钻采、挖掘机械的制造
579,邮政专用机械及器材制造,
580,商业、饮食、服务专用设备制造,
581,社会公共安全设备及器材制造,公安、消防、安全等社会公共安全设备及器材的制造和加工
582,交通安全、管制及类似专用设备制造,除铁路运输外的道路运输、水上运输及航空运输等有关的管理、安全、控制专用设备的制造；不包括电气照明设备、信号设备的制造
583,水资源专用机械制造,水利工程管理、节水工程及水的生产、供应专用设备的制造
584,其他专用设备制造,上述类别中未列明的其他专用设备的制造，包括同位素设备的制造
585,汽车制造业,
586,汽车整车制造,
587,汽柴油车整车制造,由传统燃料动力装置驱动，具有四个上车轮的非轨道、无架线的车辆，并主要用于载送人员和（或）货物、牵引输送人员和（或）货物的车辆制造
588,新能源车整车制造,采用新型动力系统，完全或主要依靠新型能源驱动的汽车，包括插电式混合动力（含增程式）汽车、纯电动汽车和燃料电池电动汽车等
589,汽车用发动机制造,
590,改装汽车制造,利用外购汽车底盘改装各类汽车的制造
591,低速汽车制造,最高时速限制在规定范围内的农用三轮或四轮等载货汽车的制造
592,电车制造,电作为动力，屏板或可控硅方式控制的城市内交通工具和专用交通工具的制造
593,汽车车身、挂车制造,其设计和技术特性需由汽车牵引，才能正常行驶的一种无动力的道路车辆的制造
594,汽车零部件及配件制造,机动车辆及其车身的各种零配件的制造
595,铁路、船舶、航空航天和其他运输设备制造业,
596,铁路运输设备制造,
597,高铁车组制造,外来电源或蓄电池驱动的，或压燃式发动机及其他方式驱动的，能够牵引高速铁路车辆的动力机车、高铁车组、铁路动车组的制造
598,铁路机车车辆制造,非高铁、动车机组的铁路机车制造，及用于运送旅客和用装运货物的客车、货车及其他铁路专用车辆的制造
599,窄轨机车车辆制造,可用于交通运输的窄轨内燃机车、电力机车和窄轨非机动车的制造
600,高铁设备、配件制造,
601,铁路机车车辆配件制造,铁道或有轨机车及其拖拽车辆的专用零配件的制造
602,铁路专用设备及器材、配件制造,铁路安全或交通控制设备的制造，及其他铁路专用设备及器材、配件的制造
603,其他铁路运输设备制造,
604,城市轨道交通设备制造,
605,船舶及相关装置制造,
606,金属船舶制造,钢质、铝质等各种金属为主要材料，为民用或军事部门建造远洋、近海或内陆河湖的金属船舶的制造
607,非金属船舶制造,各种木材、水泥、玻璃钢等非金属材料，为民用或军事部门建造船舶的活动
608,娱乐船和运动船制造,游艇和用于娱乐或运动的其他船只的制造
609,船用配套设备制造,船用主机、辅机设备的制造
610,船舶改装,按规范要求对船舶船体、设备、系统、结构等改装
611,船舶拆除,
612,海洋工程装备制造,海上工程、海底工程、近海工程的专用设备制造，不含港口工程设备及船舶、潜水、救捞等设备制造
613,航标器材及其他相关装置制造,用于航标的各种器材，及不航行为主的船只的制造，不含海上浮动装置的制造
614,航空、航天器及设备制造,
615,飞机制造,在大气同温层内飞行的用于运货或载客，用于国防，及用于体育运动或其他用途的各种飞机及其零件的制造，包括飞机发动机的制造
618,航天器及运载火箭制造,
619,航天相关设备制造,包括航天试验专用设备设施（宇航模拟设备、航天风洞、电磁、真空专用设备设施、其他航天试验专用设备设施）和总装调试测试设备（航天器总装调试测试设备、运载火箭总装调试测试设备）等专用设备、设施的制造
620,航空相关设备制造,
621,其他航空航天器制造,
622,摩托车制造,
623,摩托车整车制造,不论是否装有边斗的摩托车制造，包括摩托车发动机的制造
624,摩托车零部件及配件制造,
625,自行车和残疾人座车制造,
626,自行车制造,未装马达，主要脚蹬驱动，装有一个或多个轮子的脚踏车辆及其零件的制造
627,残疾人座车制造,
628,助动车制造,出行代步为主要功能，主要蓄电池等作为辅助能源，具有两个、三个、四个车轮，电动或电动助力功能的特种助力车及其零件的制造
629,非公路休闲车及零配件制造,运动休闲娱乐为主要功能，包括运动休闲车（不含跑车、山地车和越野车）、一轮、两轮、四轮休闲车、滑板车、草地车、观光车等制造
630,潜水救捞及其他未列明运输设备制造,
631,潜水装备制造,潜水装置的制造
632,水下救捞装备制造,水下作业、救捞装备的制造
633,其他未列明运输设备制造,手推车辆、牲畜牵引车辆的制造，及上述未列明的交通运输设备的制造
634,电气机械和器材制造业,
635,电机制造,
636,发电机及发电机组制造,发电机及其辅助装置、发电成套设备的制造
637,电动机制造,交流或直流电动机及零件的制造
638,微特电机及组件制造,微型特种电机、减速器及零组件的制造
639,其他电机制造,
640,输配电及控制设备制造,
641,变压器、整流器和电感器制造,变压器、静止式变流器等电力电子设备和互感器的制造
642,电容器及其配套设备制造,电力电容器及其配套装置和电容器零件的制造
643,配电开关控制设备制造,用于电压超过1000V的，诸如一般在配电系统中使用的接通及断开或保护电路的电器，及用于电压不超过1000V的，如在住房、工业设备或家用电器中使用的配电开关控制设备及其零件的制造
644,电力电子元器件制造,用于电能变换和控制（从而实现运动控制）的电子元器件的制造
645,光伏设备及元器件制造,太阳能组件（太阳能电池）、控制设备及其他太阳能设备和元器件制造；不包括太阳能用蓄电池制造
646,其他输配电及控制设备制造,开关设备和控制设备内部的元器件之间，及与外部电路之间的电连接所需用的器件和配件的制造
647,电线、电缆、光缆及电工器材制造,
648,电线、电缆制造,在电力输配、电能传送，声音、文字、图像等信息传播，及照明等各方面所使用的电线电缆的制造
649,光纤制造,将电的信号变成光的信号，进行声音、文字、图像等信息传输的光纤的制造
650,光缆制造,利用置于包覆套中的一根或多根光纤作为传输媒质并可单独或成组使用的光缆的制造
651,绝缘制品制造,电气绝缘子、电机或电气设备用的绝缘零件，及带有绝缘材料的金属制电导管及接头的制造，但不包括玻璃、陶瓷绝缘体和绝缘漆制品的制造
652,其他电工器材制造,
653,电池制造,正极活性材料、负极活性材料，配合电介质，密封式结构制成的，并具有一定公称电压和额定容量的化学电源的制造；包括一次性、不可充电和二次可充电，重复使用的干电池、蓄电池（含太阳能用蓄电池）的制造，及利用氢与氧的合成转换成电能的装置，即燃料电池制造；不包括利用太阳光转换成电能的太阳能电池制造
654,锂离子电池制造,锂离子嵌入化合物为正极材料电池的制造
655,镍氢电池制造,储氢合金为负极材料，氢氧化镍为正极材料，电解液是含氢氧化锂（LiOH）的氢氧化钾（KOH）水溶液的电池的制造
656,铅蓄电池制造,铅及氧化物为正负极材料，电解液为硫酸水溶液的电池制造
657,锌锰电池制造,二氧化锰为正极，锌为负极的原电池的制造
658,其他电池制造,
659,家用电力器具制造,使用交流电源或电池的各种家用电器的制造
660,家用制冷电器具制造,
661,家用空气调节器制造,使用交流电源(制冷量14000W及下)，调节室内温度、湿度、气流速度和空气洁净度的房间空气调节器的制造
662,家用通风电器具制造,由单相交流电动机驱动扇叶旋转，产生强制气流，改善人体与周围空气间的热交换条件的电器制造
663,家用厨房电器具制造,家庭厨房用的电热蒸煮器具、电热烘烤器具、电热水和饮料加热器具、电热煎炒器具、家用电灶、家用食品加工电器具、家用厨房电清洁器具等电器具的制造
664,家用清洁卫生电器具制造,家用洗衣机、吸尘器等电力器具的制造
665,家用美容、保健护理电器具制造,
666,家用电力器具专用配件制造,家用电力器具专用配件的制造，不包括通用零部件制造
667,其他家用电力器具制造,
668,非电力家用器具制造,
669,燃气及类似能源家用器具制造,液化气、天然气、人工煤气、沼气作燃料，马口铁、搪瓷、不锈钢等为材料加工制成的家用器具的生产活动
670,太阳能器具制造,
671,其他非电力家用器具制造,
672,照明器具制造,
673,电光源制造,将电能转变为光的器件的制造，按发光原理可分为白炽灯（对灯丝通电加热到白炽状态，利用热辐射发出可见光的电光源）；气体放电灯（通过气体放电将电能转换为光的一种电光源）；半导体照明等固态光源（通过半导体芯片作为发光材料，将电能转换为光的一种电光源）
674,照明灯具制造,将起支撑、固定和保护作用的零部件与能反射、透过、分配、控制或改变一个或多个电光源发出的光的零部件及所必需的电路辅助装置组合在一起的制造，包括室内外建筑照明、道路照明、生产照明、运输设备照明及特种照明等各种灯具的制造，不包括舞台及场地用灯制造
675,舞台及场地用灯制造,演出舞台、演出场地、运动场地、大型活动场地用灯制造
676,智能照明器具制造,利用计算机、无线通讯数据传输、扩频电力载波通讯技术、计算机智能化信息处理及节能型电器控制等技术组成的分布式无线遥测、遥控、遥讯控制系统，具有灯光亮度的强弱调节、灯光软启动、定时控制、场景设置等功能的照明器具制造
677,灯用电器附件及其他照明器具制造,用于生产各种电光源用电器附件及为各类电光源配套的灯座及其他照明器具的制造
678,其他电气机械及器材制造,
679,电气信号设备装置制造,交通运输工具（如机动车、船舶、铁道车辆等）专用信号装置及各种电气音响或视觉报警、警告、示装置的制造，及其他电气声像信号装置的制造
680,其他未列明电气机械及器材制造,上述未列明的电气机械及器材的制造
681,计算机、通信和其他电子设备制造业,
682,计算机制造,
683,计算机整机制造,将可进行算术或逻辑运算的中央处理器和外围设备集成计算整机的制造，也包括硬件与软件集成计算机系统的制造，还包括来件组装计算机的加工
684,计算机零部件制造,组成电子计算机的内存、板卡、硬盘、电源、机箱、显示器等部件的制造
685,计算机外围设备制造,计算机外围设备及附属设备的制造；包括输入设备、输出设备和外存储设备等制造
686,工业控制计算机及系统制造,是一种采用总线结构，对生产过程及机电设备、工艺装备进行检测与控制的工具总称；工控机具有重要的计算机属性和特征，如具有计算机CPU、硬盘、内存、外设及接口，并有操作系统、控制网络和协议、计算能力、友好的人机界面；工控行业的产品和技术非常特殊，属于中间产品，是为其他各行业提供可靠、嵌入式、智能化的工业计算机制造
687,信息安全设备制造,用于保护网络和计算机中信息和数据安全的专用设备的制造，包括边界安全、通信安全、身份鉴别与访问控制、数据安全、基础平台、内容安全、评估审计与监控、安全应用设备等制造
688,其他计算机制造,计算机应用电子设备（中央处理器为核心，配专业功能模块、外围设备等构成各行业应用领域专用的电子产品及设备，如金融电子、汽车电子、医疗电子、工业控制计算机及装置、信息采集及识别设备、数字化3C产品等），及其他未列明计算机设备的制造
689,通信设备制造,
690,通信系统设备制造,固定或移动通信接入、传输、交换设备等通信系统建设所需设备的制造
691,通信终端设备制造,固定或移动通信终端设备的制造
692,广播电视设备制造,
693,广播电视节目制作及发射设备制造,广播电视节目制作、发射设备及器材的制造
694,广播电视接收设备制造,专业广播电视接收设备的制造，但不包括家用广播电视接收设备的制造
695,广播电视专用配件制造,专业用录像重放及其他配套的广播电视设备的制造，但不包括家用广播电视装置的制造
696,专业音响设备制造,广播电视、影剧院、各种场地等专业用录音、音响设备及其他配套设备的制造
697,应用电视设备及其他广播电视设备制造,应用电视设备、其他广播电视设备和器材的制造
698,雷达及配套设备制造,雷达整机及雷达配套产品的制造
699,非专业视听设备制造,
700,电视机制造,非专业用电视机制造
701,音响设备制造,非专业用智能音响、无线电收音机、收录音机、唱机等音响设备的制造
702,影视录放设备制造,非专业用智能机顶盒、录像机、摄像机、激光视盘机等影视设备整机及零部件的制造，包括教学用影视设备的制造，但不包括广播电视等专业影视设备的制造
703,智能消费设备制造,
704,可穿戴智能设备制造,由用户穿戴和控制，并且自然、持续地运行和交互的个人移动计算设备产品的制造，包括可穿戴运动监测设备制造
705,智能车载设备制造,包含具备汽车联网、自动驾驶、车内及车际通讯、智能交通基础设施通信等功能要素，融合了传感器、雷达、卫星定位、导航、人工智能等技术，使汽车具备智能环境感知能力，自动分析汽车行驶的安全及危险状态目的的车载终端产品及相关配套设备的制造
706,智能无人飞行器制造,按照国家有关安全规定标准，经允许生产并主要用于娱乐、科普等的智能无人飞行器的制造
707,服务消费机器人制造,除工业和特殊作业外的各种机器人，包括用于个人、家庭及商业服务类机器人，如家务机器人、餐饮用机器人、宾馆用机器人、销售用机器人、娱乐机器人、助老助残机器人、医疗机器人、清洁机器人等
708,其他智能消费设备制造,其他未列明的智能消费设备的制造
709,电子器件制造,
710,电子真空器件制造,电子热离子管、冷阴极管或光电阴极管及其他真空电子器件，及电子管零件的制造
711,半导体分立器件制造,
712,集成电路制造,单片集成电路、混合式集成电路的制造
713,显示器件制造,基于电子手段呈现信息供视觉感受的器件及模组的制造，包括薄膜晶体管液晶显示器件（TN/STN-LCD、TFT-LCD）、场发射显示器件（FED）、真空荧光显示器件（VFD）、有机发光二极管显示器件（OLED）、等离子显示器件（PDP）、发光二极管显示器件（LED）、曲面显示器件及柔性显示器件等
714,半导体照明器件制造,用于半导体照明的发光二极管（LED）、有机发光二极管（OLED）器件等制造
715,光电子器件制造,利用半导体光―电子（或电―光子）转换效应制成的各种功能器件制造
716,其他电子器件制造,其他未列明的电子器件的制造
717,电子元件及电子专用材料制造,
718,电阻电容电感元件制造,电容器（包括超级电容器）、电阻器、电位器、电感器件、电子变压器件的制造
719,电子电路制造,在绝缘基材上采用印制工艺形成电气电子连接电路，及附有无源与有源元件的制造，包括印刷电路板及附有元器件构成电子电路功能组合件
720,敏感元件及传感器制造,按一定规律，将感受到的信息转换成为电信号或其他所需形式的信息输出的敏感元件及传感器的制造
721,电声器件及零件制造,扬声器、送受话器、耳机、音箱及零件等制造
722,电子专用材料制造,用于电子元器件、组件及系统制备的专用电子功能材料、互联与封装材料、工艺及辅助材料的制造，包括半导体材料、光电子材料、磁性材料、锂电池材料、电子陶瓷材料、覆铜板及铜箔材料、电子化工材料等
723,其他电子元件制造,未列明的电子元件及组件的制造
724,其他电子设备制造,电子（气）物理设备及其他未列明的电子设备的制造
725,仪器仪表制造业,
726,通用仪器仪表制造,
727,工业自动控制系统装置制造,用于连续或断续生产制造过程中，测量和控制生产制造过程的温度、压力、流量、物位等变量或者物体位置、倾斜、旋转等参数的工业用计算机控制系统、检测仪表、执行机构和装置的制造
728,电工仪器仪表制造,用于电压、电流、电阻、功率等电磁量的测量、计量、采集、监测、分析、处理、检验与控制用仪器仪表及系统装置的制造
729,绘图、计算及测量仪器制造,供设计、制图、绘图、计算、测量，及学习或办公、教学等使用的测量和绘图用具、器具及量仪的制造
730,实验分析仪器制造,利用物质的物理、化学、电学等性能对物质进行定性、定量分析和结构分析，及湿度、黏度、质量、比重等性能测定所使用的仪器的制造；用于对各种物体在温度、湿度、光照、辐射等环境变化后适应能力的实验装置的制造；各种物体物化特性参数测量的仪器、实验装置及相关器具的制造
731,试验机制造,测试、评定和研究材料、零部件及其制成品的物理性能、机械（力学）性能、工艺性能、安全性能、舒适性能的实验仪器和设备的制造
732,供应用仪器仪表制造,电、气、水、油和热等类似气体或液体的供应过程中使用的计量仪表、自动调节或控制仪器及装置的制造
733,其他通用仪器制造,其他未列明的通用仪器仪表和仪表元器件的制造
734,专用仪器仪表制造,
735,环境监测专用仪器仪表制造,对环境中的污染物、噪声、放射性物质、电磁波等进行监测和监控的专用仪器仪表及系统装置的制造
736,运输设备及生产用计数仪表制造,汽车、船舶及工业生产用转数计、生产计数器、里程记录器及类似仪表的制造
737,导航、测绘、气象及海洋专用仪器制造,用于气象、海洋、水文、天文、航海、航空等方面的导航、测绘、制导、测量仪器和仪表及类似装置的制造
738,农林牧渔专用仪器仪表制造,农、林、牧、渔生产专用仪器、仪表及类似装置的制造
739,地质勘探和地震专用仪器制造,地质勘探、钻采、地震等地球物理专用仪器、仪表及类似装置的制造
740,教学专用仪器制造,专供教学示范或展览，而无其他用途的专用仪器的制造
741,核子及核辐射测量仪器制造,专门用于核离子射线的测量或检验的仪器、装置，核辐射探测器等核专业用仪器仪表的制造
742,电子测量仪器制造,用电子技术实现对被测对象（电子产品）的电参数定量检测装置的制造
743,其他专用仪器制造,用于纺织、电站热工仪表等其他未列明的专用仪器的制造
744,钟表与计时仪器制造,各种钟、表、钟表机芯、时间记录装置、计时器的制造，还包括装有钟表机芯或同步马达，用测量、记录或示时间间隔的装置、定时开关、卫星导航时间频率原子钟，及钟表零配件的制造
745,制造业,
746,强度,
747,屈服强度,
748,抗拉强度,
749,塑性,
750,硬度,
751,韧性,
752,布氏硬度,
753,洛氏硬度,
754,维氏硬度,
755,碳素钢,
756,合金钢,
757,灰铸钢,
758,普通低合金,
759,易切钢,
760,渗碳钢,
761,调制钢,
762,弹簧钢,
763,滚动轴承钢,
764,球墨铸钢,
765,可锻铸钢,
766,铜合金,
767,铝合金,
768,合金工具钢,
769,刀具钢,
770,模具钢,
771,量具钢,
772,特殊钢,
773,不锈钢,
774,耐热钢,
775,耐磨钢,
776,粉末冶金,
777,硬质合金,
778,热处理工艺,
779,热处理,
780,退火,
781,完全退火,
782,球化退火,
783,去应力退火,
784,正火,
785,淬火,
786,回火,
787,表面淬火,
788,渗碳钢,
789,渗氮,
790,碳氮共渗,
791,机床,
792,卧式车床,
793,单轴立式车床,
794,台式车床,
795,立式车床,
796,摇臂车床,
797,单臂刨床,
798,摇床,
799,龙门刨床,
800,卧式升降台铣床,
801,升降台铣床,
802,龙门铣床,
803,滚齿机,
804,外圆磨床,
805,内圆磨床,
806,平面磨床,
807,拉床,
808,插齿机,
809,数控机床,
810,数控车床,
811,加工中心,
812,轴联动加工机床,
813,复合加工机床,
814,刀具,
815,车刀,
816,硬质合金焊接式车刀,
817,机夹式车刀,
818,成形车刀,
819,孔加工工具,
820,钻削钻头,
821,深孔钻,
822,扩孔钻,
823,孔加工符合工具,
824,拉刀,
825,圆孔,
826,花键,
827,键槽,
828,推刀,
829,螺纹工具,
830,丝锥,
831,螺纹滚压工具,
832,齿轮道具,
833,插齿刀,
834,剃齿刀,
835,齿轮滚刀,
836,涡轮滚刀,
837,锥齿滚刀,
838,自动线刀具,
839,测量器具,
840,游标卡尺,
841,千分尺,
842,百分表,
843,万能角度尺,
844,塞尺,
845,刀口型直尺,
846,三角座标测量仪,
847,工件夹具,
848,液压传动,
849,液压泵,
850,液压马达,
851,液压缸,
852,控制阀,
853,方向控制阀,
854,压力控制阀,
855,流量控制阀,
856,辅助装置,
857,滤油器,
858,邮箱,
859,蓄能器,
860,压力开关表,
861,管道及管接头,
862,机械零件,
863,盘类,
864,轴类,
865,箱体类,
866,焊接类,
867,冲压类,
868,铸造类,
869,螺纹类,
870,凸轮,
871,滚子,
872,棘轮,
873,带轮,
874,平带,
875,圆形带,
876,同步带,
877,链条,
878,齿轮,
879,蜗杆,
880,齿轮箱,
881,减速器,
882,传动轴,
883,平键,
884,半圆键,
885,花键,
886,轴承、齿轮和传动部件制造,
887,滚动轴承,
888,滑动轴承,
889,联轴器,
890,刚性联轴器,
891,扰性联轴器,
892,弹性联轴器,
893,离合器,
894,超越离合器,
895,摩擦离合器,
896,电火花加工,
897,电火花线切割加工,
898,激光加工,
899,超声清洗,
900,失蜡铸造,
901,低压铸造,
902,压力铸造,
903,金属铸造,
904,离心铸造,
905,冲压设备,
906,剪床,
907,冲床,
908,冲压工序,
909,冲裁,
910,弯曲,
911,拉伸,
912,焊接成型,
913,熔焊,
914,压焊,
915,钎焊,
916,气焊,
917,气割,
918,氩弧焊,
919,二氧化碳气体保护焊,
920,埋弧焊,
921,电渣焊,
922,电阻焊,
923,摩擦焊,
924,钢铁零件表面预处理,
925,磨光,
926,抛光,
927,滚光,
928,除油,
929,磷化,
930,塑料表面与处理,
931,退火,
932,脱脂,
933,除尘,
934,除静电,
935,电镀,
936,工艺,
937,使各种原材料、半成品成为产品的方法和过程,
938,机械制造工艺,
939,各种机械的制造方法和制造过程的总称,
940,典型工艺,
941,根据零件的结构和工艺特征进行分类、分组，对同组零件制订的统一加工方法和过程,
942,产品结构工艺性,
943,所设计的产品在能满足使用要求的前提下，制造、维修的可行性和经济性,
944,零件结构工艺性,
945,所设计的产品在能满足使用要求的前提下，制造的可行性和经济性,
946,工艺性分析,
947,在产品技术设计阶段，工艺人员对产品和零件结构工艺性进行全面审查并提出意见或建议,
948,的过程,
949,工艺性审查,
950,在产品工作图设计阶段，工艺人员对产品和零件结构工艺性进行全面审查并提出意见或建,
951,议的过程,
952,可加工性,
953,在一定生产条件下，材料加工的难易程度,
954,生产过程,
955,将原材料转变为成品的全过程,
956,工艺过程,
957,改变生产对象的形状、尺寸、相对位置和性质等，使其成为成品或半成品的过程,
958,工艺文件,
959,指导工人操作和用于生产、工艺管理等和各种技术文件,
960,工艺方案,
961,根据产品设计要求、生产类型和企业的生产能力，提出工艺技术准备工作具体任务和措施的指导性文件,
962,工艺路线,
963,产品或零部件在生产过程中，由毛坯准备到成品包装入库，经过企业各有关部门或工序的,
964,先后顺序,
965,工艺规程,
966,规定产品或零部件制造工艺过程和操作方法等的工艺文件,
967,工艺设计,
968,编制各种工艺文件和设计工艺装备等的过程,
969,工艺要素,
970,与工艺过程有关的主要因素,
971,工艺规范,
972,对工艺过程中有关技术要求所做的一系列统一规定,
973,工艺参数,
974,为了达到预期的技术指标，工艺过程中所需选用或控制的有关量,
975,工艺准备,
976,产品投产前所进行的一系列工艺工作的总称其主要内容包括：对产品图样进行工艺性分析和审查；拟定工艺方案；编制各种工艺文件；设计、制造和调整工艺装备；设计合理的生产组织形式等,
977,工艺试验,
978,为考查工艺方法、工艺参数的可行性或材料 的可加工性等而进行的试验,
979,工艺验证,
980,通过试生产，检验工艺设计的合理性,
981,工艺管理,
982,科学计划、组织和控制各项工艺工作的全过程,
983,工艺设备（工装）,
984,产品制造过程中所用的各种工具的总称包括刀具、夹具、模具、量具、检具、辅具、钳工工具和工位器具等,
985,工艺纪律,
986,在生产过程中，有关人员应遵守的工艺秩序,
987,成组技术,
988,将企业的多种产品、部件和零件，按一定的相似性准则，分类编组，并这些组为基础，组织生产各个环节，从而实现多品种中小批量生产的产品设计、制造和管理的合理化,
989,自动化生产,
990,机械的动作代替人工操作，自动地完成各种作业的生产过程,
991,数控加工,
992,根据被加工零件图样和工艺要求，编制成数码表示的程序，输入到机床的数控装置或控制计算机中，控制工件和工具的相对运动，使之加工出合格零件的方法,
993,工艺过程优化,
994,根据一个（或几个）判据，对工艺过程及有关参数进行最佳方案的选择,
995,生产纲领,
996,企业在计划期内应当生产的产品产量和进度计划,
997,生产类型,
998,企业（或车间、班组、工作地）生产专业化程度的分类一般分为大量生产，成批生产和单件生产三种类型,
999,生产批量,
1000,一次投入或产出的同一产品（或零件）的数量,
1001,生产周期,
1002,生产某一产品（或零件）时，从原材料投入到出产品一个循环所经过的日历时间,
1003,生产节拍,
1004,流水生产中，相继完成两件制品之间的时间间隔,
1005,原材料,
1006,投入生产过程创造新产品的物质,
1007,主要材料,
1008,构成产品实体的材料,
1009,辅助材料,
1010,在生产中起辅助作用而不构成产品实体的材料,
1011,毛坯,
1012,根据零件（或产品）所要求的形状、工艺尺寸等而制成的供进一步加工用的生产对象,
1013,铸件,
1014,将熔融金属浇入铸型，凝固后所得到的金属工件或毛坯,
1015,锻件,
1016,金属材料经过锻造变形而得到的工件或毛坯,
1017,焊接件,
1018,用焊接的方法而得到的接合件,
1019,冲压件,
1020,用冲压的方法制成的工件或毛坯,
1021,工件,
1022,加工过程中的生产对象,
1023,工艺关键件,
1024,技术要求高、工艺难度大的零、部件,
1025,外协件,
1026,由本企业提供设计图样资料，委托其他企业完成部分或全部制造工序的零、部件,
1027,试件,
1028,为试验材料的机械、物理、化学性能、金相组织或可加工性等而专门制作的样件,
1029,工艺用件,
1030,为工艺需要而特制的辅助件,
1031,在制品,
1032,在一个企业的生产过程中，正在进行加工、装配或待进一步加工、装配或待检查继续加工,
1033,或装配的制品,
1034,半成品,
1035,在一个企业的生产过程中，已完成一个或几个生产阶段，经检验合格入库尚待继续加工或,
1036,装配的制品,
1037,成品,
1038,在一个企业内完成全部生产过程，可供销售的制品,
1039,合格品,
1040,通过检验，质量特性符合标准要求的制品,
1041,不合格品,
1042,通过检验，质量特性不符合标准要求的制品,
1043,废品,
1044,不能修复又不能降级使用的不合格品,
1045,铸造,
1046,将熔融金属浇注、压射或吸入铸型型腔中，待其凝固后而得到一定形状和性能的铸件的方法,
1047,锻造,
1048,在加压设备及工（模）具的作用下，使金属坯料或铸锭产生局部或全部的塑性变形，获得一定几何形状、尺寸和质量的锻件的加工方法,
1049,焊接,
1050,将焊接处金属（或 /和焊丝）熔化，把两个（或两个上）工件变为一体的操作方法,
1051,热处理,
1052,将固态金属或合金在一定介质中加热、保温和冷却，改变其整体或表面组织，从而获得所需要性能的加工方法,
1053,表面处理,
1054,改善工件表面层的机械、物理或化学性能的加工方法,
1055,表面涂覆,
1056,用规定的异已材料，在工件表面上形成涂层的方法,
1057,机械加工,
1058,利用机械力对各种工件进行加工的方法,
1059,压力加工,
1060,使毛坯材料产生塑性变形或分离而无切削的加工方法,
1061,切削加工,
1062,利用切削工具从工件上切除多余材料的加工方法,
1063,车削,
1064,工件旋转作主运动，车刀作进给运动的切削加工方法,
1065,铣削,
1066,铣刀作旋转主运动，工件或铣刀作进给运动的切削加工方法,
1067,钻削,
1068,用钻头或扩孔钻在工件上加工孔的方法,
1069,铰削,
1070,用铰刀从工件孔壁上切除微量金属层，提高其尺寸精度和表面粗糙度的方法,
1071,锪削,
1072,用锪钻或锪刀刮平孔的端面或切出沉孔的方法,
1073,磨削,
1074,用磨具较高的线速度对工件表面进行加工的方法,
1075,冷作,
1076,在基本不改变材料断面特征的情况下，将金属板材、型材等加工成各种制品的方法,
1077,冲压,
1078,使板料经分离或成形而得到制件的加工方法,
1079,铆接,
1080,借助铆钉形成的不可拆连接,
1081,粘接,
1082,借助粘接剂形成的连接,
1083,钳加工,
1084,一般在钳台上手工工具为主，对工件进行的各种加工方法,
1085,装配,
1086,按规定的技术要求，将零件或部件进行配合和连接，使之成为半成品或成品的工艺过程,
1087,包装,
1088,对产品采取一定的包装措施，通过储存、运输等流通过程使产品完好无损地运到用户手中,
1089,工序,
1090,一个或一组工人，在一个工作地对同一个或同时对几个工件所连续完成的那一部分工艺过程,
1091,安装,
1092,工件（或装配单元）经一次装夹后所完成的那一部分工序,
1093,工步,
1094,在加工表面（或装配时的连接表面）和加工（或装配）工具不变的情况下，所连续完成的那一部分工作,
1095,辅助工作,
1096,由人和（或）设备连续完成的那一部分工序，该部分工序不改变工件的形状、尺寸和表面粗糙度，但它是完成工步所必须的如更换刀具等,
1097,工作行程,
1098,刀具非加工进给速度相对工件所完成一次进给运动的工步部分,
1099,空行程,
1100,刀具加工进给速度相对工件所完成一次进给运动的工步部分,
1101,工位,
1102,为了完成一定的工序部分，一次装夹工件后，工件（或装配单元）与夹具或设备的可动部分一起相对刀具或设备的固定部分所占据的每一个位置,
1103,基准,
1104,用来确定生产对象上几何要素间的几何关系所依据的那些点、线、面,
1105,设计基准,
1106,设计图样上所采用的基准,
1107,工艺基准,
1108,在工艺过程中所采用的基准,
1109,定位基准,
1110,在加工中用作定位的基准,
1111,测量基准,
1112,测量时所采用的基准,
1113,装配基准,
1114,装配时用来确定零件或部件在产品中的相对位置所采用的基准,
1115,辅助基准,
1116,为满足工艺需要，在工件上专门设计的定位面,
1117,工艺孔,
1118,为满足工艺（加工、测量、装配）的需要而在工件上增设的孔,
1119,艺凸台,
1120,为满足工艺的需要而在工件上增设的凸台,
1121,工艺尺寸,
1122,根据加工的需要，在工艺附图或工艺规程中所给出的尺寸,
1123,尺寸链,
1124,互相联系且按一定顺序排列的封闭尺寸组合,
1125,工艺尺寸链,
1126,在加工过程中的各有关工艺尺寸所组成的尺寸链,
1127,加工总余量（毛坯余量）,
1128,毛坯尺寸与零件图的设计尺寸之差,
1129,工序余量,
1130,相邻两工序的工序尺寸之差,
1131,工艺留量,
1132,为工艺需要而增加的工件（或毛坯）的长度,
1133,产量定额,
1134,在一定生产条件下，规定每个工人在单位时间内应完成的合格品数量,
1135,时间定额,
1136,在一定生产条件下，规定生产一件产品或完成一道工序所需消耗的时间,
1137,作业时间,
1138,直接用于制造产品或零、部件所消耗的时间可分为基本时间和辅助时间两部分,
1139,基本时间,
1140,直接改变生产对象的尺寸、形状、相对位置、表面状态或材料性质等工艺过程所消耗的时间,
1141,辅助时间,
1142,为实现工艺过程所必须进行的各种辅助动作所消耗的时间,
1143,布置工作地时间,
1144,为使加工正常进行，工人照管工作地（如更换刀具、润滑机床、清理切屑、收拾工具等）所消耗的时间,
1145,休息与生理需要时间,
1146,工人在工作班内为恢复体力和满足生理上的需要所消耗的时间,
1147,准备与终结时间,
1148,工人为了生产一批产品或零、部件，进行准备和结束工作所消耗的时间,
1149,材料消耗工艺定额,
1150,在一定生产条件下，生产单位产品或零件所消耗的材料总重量,
1151,材料工艺性消耗,
1152,产品或零件在制造过程中，由于工艺需要而损耗的材料如铸件的浇、冒口，锻件的烧损量，棒料等的锯口、切口等,
1153,材料利用率,
1154,产品或零件的净重占其材料工艺定额的百分比,
1155,设备负荷率,
1156,设备的实际工作时间占其台时基数的百分比,
1157,加工误差,
1158,零件加工后的实际几何参数（尺寸、形状和位置）对理想几何参数的偏离程度,
1159,加工精度,
1160,零件加工后的实际几何参数（尺寸、形状和位置）对理想几何参数的符合程度,
1161,加工经济精度,
1162,在正常加工条件下（采用符合质量标准的设备、工艺装备和标准技术等级的工人，不延长加工时间）所能保证的加工精度,
1163,表面粗糙度,
1164,工件表面的粗糙层度,
1165,工艺文件,
1166,工艺路线表,
1167,描述产品或零、部件工艺路线的一种工艺文件,
1168,车间分工明细表,
1169,按产品各车间应加工（或装配）的零、部件一览表,
1170,工艺过程卡片,
1171,工序为单位简要说明产品或零、部件的加工（或装配）过程的一种工艺文件,
1172,工艺卡片,
1173,按产品或零、部件的某一工艺阶段编制的一种工艺文件它工序为单元，详细说明产品,
1174,（或零、部件）在某一工艺阶段中的工序号、工序名称、工序内容、工艺参数、操作要求及所用设备和工艺装备等,
1175,工序卡片,
1176,在工艺过程卡片或工艺卡片的基础上，按每道工序所编制的一种工艺文件，一般具有工序简图，并详细说明该工序的每个工步的加工（或装配）内容、工艺参数、操作要求及所用设备和工艺装备等,
1177,典型工艺过程卡片,
1178,具有相似结构和工艺特征的一组零部件所能通用的工艺过程卡片,
1179,典型工艺卡片,
1180,具有相似结构和工艺特征的一组零部件所能通用的工艺卡片,
1181,典型工序卡片,
1182,具有相似结构和工艺特征的一组零部件所能通用的工序卡片,
1183,工艺守则,
1184,某一专业工种所通用的一种基本操作规程,
1185,工艺附图,
1186,附在工艺规程上用说明产品或零、部件加工或装配的简图或图表,
1187,毛坯图,
1188,供制造毛坯用的，表明毛坯材料、形状、尺寸和技术要求的图样,
1189,装配系统图,
1190,表明产品零、部件相互装配关系及装配流程的示意图,
1191,工艺关键件明细表,
1192,填写产品中所有工艺关键件的图号、名称和关键内容等的一种工艺文件,
1193,外协件明细表,
1194,填写产品中所有工艺外协件的图号、各称和加工内容等的一种工艺文件,
1195,专用工艺装备明细表,
1196,填写产品在生产过程中所需要的全部专用工艺装备的编号、名称、使用零（部）件图号等的一种工艺文件,
1197,外购工具明细表,
1198,填写产品在生产过程中所需购买的全部刀具、量具等的名称、规格与精度、使用零（部）件图号的一种工艺文件,
1199,企业标准工具明细表,
1200,填写产品在生产过程中所需的全部本企业标准工具的名称、规格与精度，使用零（部）件图号的一种工艺文件,
1201,工位器具明细表,
1202,填写产品在生产过程中所需的全部工位器具的编号、名称、使用零（部）件图号的一种工艺文件,
1203,材料消耗工艺定额明细表,
1204,填写产品零件在制造过程中所需消耗的各种材料的名称、牌号、规格、重量等的一种工艺文件,
1205,材料消耗工艺定额汇总表,
1206,将“材料消耗工艺定额明细表”中的各种材料按单台产品汇总填列的一种工艺文件,
1207,工艺试验报告,
1208,说明对新的工艺方案或工艺方法的试验过程，并对试验结果进行分析和提出处理意见的一种工艺文件,
1209,工艺总结,
1210,新产品经过试生产后，工艺人员对工艺准备阶段的工作和工艺、工装的试用情况进行记述，并提出处理意见的一种工艺文件,
1211,工艺文件目录,
1212,产品所有工艺文件的清单,
1213,工艺文件更改通知单,
1214,更改工艺文件的联系单和凭证,
1215,临时脱离工艺通知单,
1216,由于客观条件限制，暂时不能按原定工艺规程加工或装配，在规定的时间或批量内允许改,
1217,变工艺路线或工艺方法的联系单和凭证,
1218,工艺装备与工件装夹,
1219,专用工艺装备,
1220,专为某一产品所用的工艺装备,
1221,通用工艺装备,
1222,能为几种产品所共用的工艺装备,
1223,标准工艺装备,
1224,已纳入标准的工艺装备,
1225,夹具,
1226,用装夹工件（和引导刀具）的装置,
1227,模具,
1228,用限定生产对象的形状和尺寸的装置,
1229,刀具,
1230,能从工件上切除多余材料或切断材料的带刃工具,
1231,计量器具,
1232,用直接或间接测出被测对象量值的工具、仪器、仪表等,
1233,辅具（机床辅具）,
1234,用连接刀具与机床的工具,
1235,钳工工具,
1236,各种钳工作业所用工具的总称,
1237,工位器具,
1238,在工作地或仓库中用存放生产对象或工具用的各种装置,
1239,装夹,
1240,将工件在机床上或夹具中定位、夹紧的过程,
1241,定位,
1242,确定工件在机床上或夹具中占有正确位置的过程,
1243,夹紧（卡夹）,
1244,工件定位后将其固定，使其在加工过程中保持定位位置不变的操作,
1245,找正,
1246,用工具（和仪表）根据工件上有关基准，找出工件在划线、加工或装配时的正确位置的过程,
1247,调整刀具切削刃相对工件或夹具的正确位置的过程,
1248,粗加工,
1249,从坯料上切除较多余量，所能达到的精度和表面粗糙度都比较低的加工过程,
1250,精加工,
1251,从工件上切除较少余量，所得精度和表面粗糙度都比较高的加工过程,
1252,配作,
1253,已加工件为基准，加工与其相配的另一工件，或将两个（或两个上）工件组合在一起进行加工的方法,
1254,孔加工,
1255,钻孔,
1256,用钻头在实体材料上加工孔的方法,
1257,扩孔,
1258,用扩孔工具扩大工件孔径的加工方法,
1259,锪孔,
1260,用锪削方法加工平底或锥形沉孔,
1261,冲孔,
1262,用冲模在工件或板料上冲切孔的方法,
1263,外园加工,
1264,车外园,
1265,用车削方法加工工件的外园表面,
1266,磨外园,
1267,用磨削方法加工工件的外园表面,
1268,平面加工,
1269,车平面,
1270,用车削方法加工工件的平面,
1271,铣平面,
1272,用铣削方法加工工件的平面,
1273,刨平面,
1274,用刨削方法加工工件的平面,
1275,磨平面,
1276,用磨削方法加工工件的平面,
1277,槽加工,
1278,车槽,
1279,用车削方法加工工件的槽,
1280,铣槽,
1281,用铣槽方法加工工件的槽,
1282,拉槽,
1283,用拉削方法加工工件的槽或键槽,
1284,螺纹加工,
1285,车螺纹,
1286,用螺纹车刀切出工件的螺纹,
1287,滚压螺纹,
1288,用一付螺纹滚轮，滚轧出工件的螺纹,
1289,搓螺纹,
1290,用一对螺纹模板（搓丝板）轧制出工件的螺纹,
1291,攻螺纹,
1292,用丝锥加工工件的内螺纹,
1293,套螺纹,
1294,用板牙或螺纹切头加工工件的螺纹,
1295,磨螺纹,
1296,用单线或多线砂轮磨削工件的螺纹,
1297,齿面加工,
1298,铣齿,
1299,用铣刀或铣刀盘按成形法或展成法加工齿轮或齿条等的齿面,
1300,滚齿,
1301,用齿轮滚刀按展成法加工齿轮、蜗轮等的齿面,
1302,刨齿,
1303,用刨齿刀加工直齿园柱齿轮、锥齿轮或齿条等的齿面,
1304,插齿,
1305,用插齿刀按展成法或成形法加工内、外齿轮或齿条等的齿面,
1306,成形面加工,
1307,车成形面,
1308,用成形车刀、车刀按成形法或仿形法等车削工件的成形面,
1309,铣成形面,
1310,用成形铣刀、铣刀按成形法或仿形法等铣削工件的成形面,
1311,磨成形面,
1312,用成形砂轮、砂轮按成形法或仿形法等磨削工件的成形面,
1313,电加工成形面,
1314,用电火花成形、电解成形等方法加工工件的成形面,
1315,滚花,
1316,用滚花工具在工件表面上滚压出花纹的加工,
1317,倒角,
1318,把工件的棱角切削成一定斜面的加工,
1319,倒园角,
1320,把工件的棱角切削成园弧面的加工,
1321,钻中心孔,
1322,用中心钻在工件的端面加工定位孔,
1323,冷作,
1324,排料（排样）,
1325,在板料或条料上合理安排每个坯件下料位置的过程,
1326,放样,
1327,根据构件图样，用 1：1 的比例（或一定的比例）在放样台（或平板）上画出其所需图形的过程,
1328,展开,
1329,将构件的各个表面依次摊开在一个平面上的过程,
1330,号料,
1331,根据图样或利用样板、样杆等直接在材料上划出形状和加工界限的过程,
1332,切割,
1333,把板材或型材等切成所需形状和尺寸的坯料或工件的过程,
1334,剪切,
1335,通过两剪刃的相对运动，切断材料的方法,
1336,弯形,
1337,将坯料弯成所需形状的加工方法,
1338,压弯,
1339,用模具或压弯设备将坯料弯成所需形状和加工方法,
1340,拉弯,
1341,坯料在受拉状态下沿模具弯曲成形的方法,
1342,滚弯,
1343,通过旋转辊轴使坯料弯曲成形的方法,
1344,热弯,
1345,将坯料在热状态下弯曲成形的方法,
1346,弯管,
1347,将管材弯曲成形的方法,
1348,热成形,
1349,使坯料或工件在热状态下成形的方法,
1350,胀形,
1351,板料或空心坯料在双向拉应力作用下，使其产生塑性变形取得所需制件的成形方法,
1352,扩口,
1353,将管件或空心制件的端部径向尺寸扩大的加工方法,
1354,缩口,
1355,将管件或空心制件的端部加压，使其径向尺寸缩小的加工方法,
1356,缩颈,
1357,将管件或空心制件的局部加压，使其径向尺寸缩小的加工方法,
1358,咬缝（锁接）,
1359,将薄板的边缘相互折转扣合压紧的连接方法,
1360,收边,
1361,使工件单边起皱收缩而弯曲成形的方法,
1362,扭曲,
1363,将坯料的一部分与另一部分相对扭转一定角度的加工方法,
1364,拼接,
1365,将坯料小拼整的方法,
1366,卷边,
1367,将工件边缘卷成园弧的方法,
1368,折边,
1369,将工件边缘压扁成叠边或压弯成一定几何形状的加工方法,
1370,翻边,
1371,将板件边缘或管件（或空心制件）的口部进行折边或翻扩的加工方法,
1372,修边,
1373,对板件的边缘进行修整加工的方法,
1374,矫正（校形）,
1375,消除材料或制件的弯曲、翘曲、凸凹不平的加工方法,
1376,校直,
1377,消除材料或制件弯曲的加工方法,
1378,校平,
1379,消除板材或平板制件的翘曲、局部凸凹不平的加工方法,
1380,钳工,
1381,划线,
1382,在毛坯或工件上，用划线工具划出待加工部位的轮廓线或作为基准的点、线,
1383,打样冲眼,
1384,在毛坯或工件划线后，在中心线或辅助线上用样冲打出冲点的方法,
1385,锯削,
1386,用锯对材料或工件进行切断或切削加工的方法,
1387,錾削,
1388,用锤打击錾子对金属工件进行切削加工的方法,
1389,锉削,
1390,用锉刀对工件进行切削加工的方法,
1391,堵孔,
1392,按工艺要求堵住工件上某些工艺孔,
1393,标记,
1394,在毛坯或工件上做出规定的记号,
1395,去毛刺,
1396,清险工件已加工部位周围所形成的刺状物或飞边,
1397,倒钝锐边,
1398,除去工件上尖锐棱角的过程,
1399,砂光,
1400,用砂布或砂线磨光工件表面的过程,
1401,除锈,
1402,将工件表面上的锈蚀除去的过程,
1403,清洗,
1404,用清洗剂清除产品或工件上的油污、灰尘等脏物的过程,
1405,装配与试验,
1406,配套,
1407,将待装配产品的所有零、部件配备齐全,
1408,部装,
1409,把零件装配成部件的过程,
1410,总装,
1411,把零件和部件装配成最终产品的过程,
1412,调整装配法,
1413,在装配时用改变产品中可调整零件的相对位置或选用合适的调整达到装配精度的方法,
1414,修配装配法,
1415,在装配时修去指定零件上预留修配量达到装配精度的方法,
1416,互换装配法,
1417,在装配时各配合零件不经修理、选择或调整即可达到装配精度的要求,
1418,分组装配法,
1419,在成批或大量生产中，将产品各配合副的零件按实测尺寸分组，装配时按组进行互换装配达到装配精度的方法,
1420,试装,
1421,为保证产品总装质量而进行的各连结部位的局部试验性装配,
1422,型式试验,
1423,根据新产品试制鉴定大纲或设计要求，对新产品样机的各项质量指标所进行的全面试验或检验,
1424,性能试验,
1425,为测定产品或其部件的性能参数而进行的各种试验,
1426,按照规定的使用条件（或模拟其使用条件）和要求，对产品或其零、部件的寿命指标所进行的试验,
1427,破坏性试验,
1428,所规定的条件和要求，对产品或其零、部件进行直到破坏为止的试验,
1429,温度试验,
1430,在规定的温度条件下，对产品或其零、部件进行的试验,
1431,压力试验,
1432,在规定的条件和要求，对产品所产生的噪声大小进行测定的试验,
1433,噪声试验,
1434,按规定的压力条件下，对产品或其零、部件所进行的试验,
1435,电气试验,
1436,将机器的电气部分安装后，按电气系统性能要求所进行的试验,
1437,漆封,
1438,对产品中不准随意拆卸或调整的部位，在产品装调合格后，用漆加封的措施,
1439,铅封,
1440,产品装调合格后，用铅将其指定部位封住的措施,
1441,启封,
1442,将封装的零、部件或产品打开的过程,
1443,计算机数控（ CNC）,
1444,用存贮程序计算机代替数控装置，按照计算机中的控制程序来执行一部分或全部数控功能的数字控制系统,
1445,直接数控（ DNC）,
1446,用一台大型通用计算机（或中央计算机）输出的数据直接供给一群（几台到几百台）数控机床，控制各台机床自动地完成各自工作的数字控制系统（同“群控” ）,
1447,计算机辅助设计（ CAD）,
1448,通过向计算机输入设计资料，由计算机自动地编制程序、优化设计方案并绘制产品或零件图的过程,
1449,计算机辅助工艺规程编制（ CAPP）,
1450,通过向计算机输入被加工零件的原始数据、加工条件和加工要求，由计算机自动地进行编,
1451,码、编程直至最后输出经过优化的工艺规程卡片的过程,
1452,计算机辅助制造（ CAM ）,
1453,利用计算机分级结构将产品的设计信息自动地转换成制造信息，控制产品的加工、装配、检验、试验、包装等全过程及与这些过程有关的全部物流系统和初步的生产调度,
1454,柔性制造系统（ FMS）,
1455,利用计算机控制系统和物料输送系统，把若干台设备联系起来，形成没有固定的加工顺序节拍，在加工完一定批量的某种工件后，能在不停机调整的情况下，自动地向另一种工件转换的自动化制造系统,
1456,工业机器人,
1457,一种可编程的自动化机械操纵器它具有几个自由度和象人一样的手臂与手指，能在较大的范围内模仿人的操作进行连续工作,
1458,管理信息系统,
1459,对企业管理中的各个部分和分支的计划、实施和控制等各级活动提供精确而及时的管理决定信息，实现对企业全面有效管理的信息加工系统,
1460,自动化仓库,
1461,能自动地控制物质流和信息流的仓库这种仓库使用由计算机控制的具有堆码起重机和传送器的自动搬运设备及在多层建筑中的自动储存室它能自动及时修正储备信息，并且对进、出库物品和需要储备的物品都能及时反映出来,
1462,无人化制造系统（ UWS）,
1463,从毛坯制造到成品包装入库全部生产过程都由计算机控制的全盘自动化的制造系统 （同“无人化工厂”）,
1464,PT《现代塑料》是由弗戈工业媒体和美国Gardner出版公司全面合作出版的B2B期刊,
1465,是《Plastic Technology》的中文版,
1466,创刊于2002年,
1467,主要面向电子、电气、汽车、包装、建筑、医疗、交通等应用领域,
1468,改性塑料和塑料机械、各行业协会和科研院所的广大工程技术人员和决策层,
1469,PT《现代塑料》又在原有期刊专业出版的基础之上,
1470,PT塑料,
1471,每年举办如国际汽车聚合物技术年会是专注于塑料行业的专业整合媒体品牌,
1472,MM《现代制造》中文版由弗戈工业媒体创刊于1996年,
1473,其封面题字由科学家钱伟长先生书写,
1474,专注于金属加工、新自动化、驱动、物流和通用设备,
1475,2008年MM《现代制造》成为工业领域第一本周刊,
1476,2013年荣膺国家新闻出版广电总局评选的“百强期刊”称号,
1478,MM《现代制造》又在原有期刊出版的基础之上,
1479,举办十余场如中国国际金属加工高峰论坛、MM・新自动化论坛,
1480,PP《现代包装》是弗戈工业媒体旗下的为食品、饮料与乳品、医药和日化,
1481,等行业提供行业资讯、技术支持、设备信息和管理理念等的行业期刊,
1482,锑（antimony）,
1483,金属元素,
1484,元素符号Sb,
1485,原子序数51,
1486,银白色有光泽硬而脆的金属（常制成棒、块、粉等多种形状）,
1487,有鳞片状晶体结构,
1488,在潮湿空气中逐渐失去光泽,
1489,强热则燃烧成白色锑的氧化物,
1490,易溶于王水,
1491,溶于浓硫酸,
1492,相对密度6.68,
1493,熔点630℃,
1494,沸点1635℃,
1495,原子半径为1.28?,
1496,电负性2.2,
1497,锑在自然界中主要存在于硫化物矿物辉锑矿（Sb2S3）中,
1498,已知锑化合物在古代就用作化妆品,
1499,金属锑在古代也有记载,
1500,但那时却被误认为是铅,
1502,人们知道了锑是一种化学元素,
1504,中国已成为世界上最大的锑及其化合物生产国,
1505,而其中大部分又都产自湖南省冷水江市的锡矿山,
1506,锑的工业制法是先焙烧,
1507,再用碳在高温下还原,
1508,或者是直接用金属铁还原辉锑矿,
1509,铅酸电池中所用的铅锑合金板,
1510,锑与铅和锡制成合金可用来提升焊接材料、子弹及轴承的性能,
1511,锑化合物是用途广泛的含氯及含溴阻燃剂的重要添加剂,
1512,锑在新兴的微电子技术中也有着它的广泛用途,
1513,如AMD显卡制造,
1514,"锡（Tin, 元素符号Sn）是一种金属元素",
1515,无机物,
1516,普通形态的白锡是一种有银白色光泽的的低熔点金属,
1517,在化合物中是二价或四价,
1518,常温下不会被空气氧化,
1519,自然界中主要二氧化物（锡石）和各种硫化物（例如硫锡石）的形式存在,
1520,锡是大名鼎鼎的“五金”――金、银、铜、铁、锡之一,
1522,人们便发现并使用锡了,
1524,便常发掘到一些锡壶、锡烛台之类锡器,
1527,锡器的使用已十分普遍了,
1529,也发现有锡制的日常用品,
,钻头和扩孔钻是一样的东西，不过是发挥的作用不同罢了，都是利用切削刃进行钻削；钻头钻底孔，扩孔钻把钻头钻的底孔加以扩大,
,钻削是孔加工的一种基本方法，钻孔经常在钻床和车床上进行，也可以在镗床或铣床上进行,
,常用的钻床有台式钻床、立式钻床和摇臂钻床,
,切削刃是一种工具,
,前后刀面的交线，它担负主要的切削工作也叫主切削刃或主刀刃,
,它提高切削效率、刀具寿命和降低加工制造成本，一直是金属切削研究的主要目标,
,近年来，不诱钢、高温合金、铁合金及复合材料等难加工材料零件广泛应用于工程领域中，这些零件在切削加工时都存在着刀具寿命低和可靠性不稳定的问题而急需提高刀具的切削性能,
,刀具是机械制造中用于切削加工的工具，又称切削工具,
,绝大多数的刀具是机用的，但也有手用的,
,由于机械制造中使用的刀具基本上都用于切削金属材料，所以“刀具”一词一般就理解为金属切削刀具,
,切削木材用的刀具则称为木工刀具,
,还有特别应用的一类刀具，用于地质勘探、打井、矿山钻探，称为矿山刀具,
,加工精度是加工后零件表面的实际尺寸、形状、位置三种几何参数与图纸要求的理想几何参数的符合程度,
,理想的几何参数，对尺寸而言，就是平均尺寸；对表面几何形状而言，就是绝对的圆、圆柱、平面、锥面和直线等；对表面之间的相互位置而言，就是绝对的平行、垂直、同轴、对称等,
,零件实际几何参数与理想几何参数的偏离数值称为加工误差,
,工件，制造过程中的一个产品部件,
,也叫制件、作件、课件、五金件等,
,螺纹联接，是指用螺纹件（或被连接件的螺纹部分）将被连接件连成一体的可拆卸连接,
,常用的螺纹连接件有螺栓、螺柱、螺钉和紧定螺钉等，多为标准件,
,采用螺栓连接时，无需在被连接件上切制螺纹，亦不受被连接件材料的限制，构造简单，装拆方便，但一般情况下需要从被连接件的两边进行装配,
,根据传力方式的不同，可分为受拉连接和受剪连接,
,螺钉连接多用于受结构限制而不能用螺栓的场合,
,螺钉连接不能用螺母，且有光整的外露表面，但不宜用于经常装拆的场合，以免损坏被连接件的螺纹孔,
,用紧定螺钉连接时，紧定螺钉旋入被连接件之一的螺纹孔中，其末端顶住另一被连接零件，以固定两个零件的相对位置，并可传递不大的力或力矩,
,深孔钻头都是采用内排屑，焊接式深孔钻头的刀片是不可以调换的钻头,
,垫铁是生产线上不可缺少的重要部件,
,它放于机械下面，支撑机械重量，具有减震的功能，是常见的用于数控机床衰减机器自身的振动，减少振动力外传，它会阻止振动力的传入，还可调节机床水平高度,
,广泛应用在各种加工设备、食品机械生产线,
,刨削加工是用刨刀对工件作水平相对直线往复运动的切削加工方法，主要用于零件的外形加工,
,刨削加工的精度可以达到IT10~IT8，表面粗糙度Ra为6.3~1.6um,
,机床加工指靠机床保证刀具与卡具的相对运动关系，同时用刀具（或者其他工具）加工安装在卡具上工件的过程,
,但是这一过程并不一定是切削加工 也可能是压力加工,
,比如在车床上进行滚花或者旋压,
,表面粗糙度(surface roughness)是指加工表面具有的较小间距和微小峰谷的不平度,
,其两波峰或两波谷之间的距离（波距）很小（在1mm以下），它属于微观几何形状误差,
,表面粗糙度越小，则表面越光滑,
,表面粗糙度一般是由所采用的加工方法和其他因素所形成的，例如加工过程中刀具与零件表面间的摩擦、切屑分离时表面层金属的塑性变形以及工艺系统中的高频振动等,
,由于加工方法和工件材料的不同，被加工表面留下痕迹的深浅、疏密、形状和纹理都有差别,
,表面粗糙度与机械零件的配合性质、耐磨性、疲劳强度、接触刚度、振动和噪声等有密切关系，对机械产品的使用寿命和可靠性有重要影响,
,一般标注采用Ra,
,相关的规范有“GB/T 1031-2009《表面结构 轮廓法 表面粗糙度参数及其数值》”和“GB/T 131-2006 (ISO 1302:2002)《表面结构的表示法》”,
,非金属材料指具有非金属性质（导电性导热性差）的材料,
,自19世纪以来，随着生产和科学技术的进步，尤其是无机化学和有机化学工业的发展，人类以天然的矿物、植物、石油等为原料，制造和合成了许多新型非金属材料，如水泥、人造石墨、特种陶瓷、合成橡胶、合成树脂（塑料）、合成纤维等,
,这些非金属材料因具有各种优异的性能，为天然的非金属材料和某些金属材料所不及，从而在近代工业中的用途不断扩大，并迅速发展,
,"用切削工具(包括刀具、磨具和磨料)把坯料或工件上多余的材料层切去成为切屑,使工件获得规定的几何形状、尺寸和表面质量的加工方法",
,材料密度是材料在特定的体积状态下，单位体积的质量,
,按照材料体积状态的不同，材料密度可分为实际密度、表观密度和堆积密度等,
,微电子技术是随着集成电路，尤其是超大型规模集成电路而发展起来的一门新的技术,
,其发展的理论基础是19世纪末到20世纪30年代期间建立起来的现代物理学,
,微电子技术包括系统电路设计、器件物理、工艺技术、材料制备、自动测试以及封装、组装等一系列专门的技术，微电子技术是微电子学中的各项工艺技术的总和,
,数控机床辅助装置是保证充分发挥数控机床功能所必需的配套装置，常用的辅助装置包括:气动、液压装置，排屑装置，冷却、润滑装置，回转工作台和数控分度头，防护，照明等各种辅助装置,
,数控机床是一种装有程序控制系统的自动化机床，能够根据已编好的程序，使机床动作并加工零件,
,这种系统的给定量是按照一定的时间函数变化的，如程序控制机床的程序控制系统的输出量应与给定量的变化规律相同,
,一种金属与另一种或几种金属或非金属经过混合熔化，冷却凝固后得到的具有金属性质的固体产物,
,金属零件，指以金属材料来制造的各种规格与形状的金属块、金属棒、金属管等的合称,
,滚花是在金属制品的捏手处或其他工作外表滚压花纹的机械工艺，主要是防滑用,
,一维空间物件（如线）及二维空间物件（如正方形）都是零体积的,
,高温合金是指以铁、镍、钴为基，能在600℃以上的高温及一定应力作用下长期工作的一类金属材料，具有优异的高温强度，良好的抗氧化和抗热腐蚀性能，良好的疲劳性能、断裂韧性等综合性能，又被称为“超合金，”主要应用于航空航天领域和能源领域,
,物理效应主要是指机械冲刷、冲蚀作用和原子扩散,
,化学结合主要指元素的固溶、脱溶和反应新相的生成,
,该两种作用决定了高铬铁一灰铁双金属结合区的组织特征,
,窑炉是用耐火材料砌成的用以煅烧物料或烧成制品的设备,
,厚度小于1微米的膜材料，称为薄膜材料,
,用冲头或凸模对放置在凹模中的坯料加压，使之产生塑性流动，从而获得相应于模具的型孔或凹凸模形状的制件的一种压力加工方法,
,挤压时，坯料产生三向压应力，即使是塑性较低的坯料，也可被挤压成形,
,硬铝合金属热处理可强化铝合金，包括铝-铜-镁系和铝-铜-锰系合金,
,硬铝合金由于相对密度小、质量轻及强度高等优点，在航空及航天等领域应用非常广泛，其表面处理多采用成本相对较低、膜层质量较好的硫酸阳极氧化工艺,
,然而，由于种种原因，硬铝合金经硫酸阳极氧化、黑色填充后经常出现表面起白点现象，影响零件的外观质量，这种现象时有时无，没有规律性，从生产中搜集的数据分析来看，经过机加工的硬铝合金件表面起白点较多,
,为提高产品质量，解决铝合金阳极氧化表面起白点问题，要查明原因并提出解决办法,
,硫酸是一种无机化合物，化学式是H2SO4，硫的最重要的含氧酸,
,纯净的硫酸为无色油状液体，10.36℃时结晶，通常使用的是它的各种不同浓度的水溶液，用塔式法和接触法制取,
,前者所得为粗制稀硫酸，质量分数一般在75%左右；后者可得质量分数98.3%的浓硫酸，沸点338℃，相对密度1.84,
,硫酸是一种最活泼的二元无机强酸，能和绝大多数金属发生反应,
,高浓度的硫酸有强烈吸水性，可用作脱水剂，碳化木材、纸张、棉麻织物及生物皮肉等含碳水化合物的物质,
,与水混合时，亦会放出大量热能,
,其具有强烈的腐蚀性和氧化性，故需谨慎使用,
,是一种重要的工业原料，可用于制造肥料、药物、炸药、颜料、洗涤剂、蓄电池等，也广泛应用于净化石油、金属冶炼以及染料等工业中,
,常用作化学试剂，在有机合成中可用作脱水剂和磺化剂,
,热处理是指材料在固态下，通过加热、保温和冷却的手段，以获得预期组织和性能的一种金属热加工工艺,
,在从石器时代进展到铜器时代和铁器时代的过程中，热处理的作用逐渐为人们所认识,
,早在公元前770至前222年，中国人在生产实践中就已发现，钢铁的性能会因温度和加压变形的影响而变化,
,白口铸铁的柔化处理就是制造农具的重要工艺,
,钽是一种金属元素，原子序数为73，化学符号Ta，元素对应的单质为钢灰色金属，具有极高的抗腐蚀性，无论是在冷和热的条件下，对盐酸、浓硝酸及“王水”都不反应,
,钽主要存在于钽铁矿中，同铌共生,
,钽的硬度适中，富有延展性，可以拉成细丝式制薄箔,
,其热膨胀系数很小,
,钽有非常出色的化学性质，具有极高的抗腐蚀性,
,可用来制造蒸发器皿等，也可做电子管的电极、整流器、电解电容,
,医疗上用来制成薄片或细线，缝补破坏的组织,
,虽然钽的抗腐蚀性很强，但是其抗腐蚀性是由于表面生成稳定的五氧化二钽（Ta?O?）保护膜,
,拉应力就是物体对使物体有拉伸趋势的外力的反作用力,
,家用电器（HEA）主要指在家庭及类似场所中使用的各种电器和电子器具,
,又称民用电器、日用电器,
,家用电器使人们从繁重、琐碎、费时的家务劳动中解放出来，为人类创造了更为舒适优美、更有利于身心健康的生活和工作环境，提供了丰富多彩的文化娱乐条件，已成为现代家庭生活的必需品,
,家用电器问世已有近百年历史，美国被认为是家用电器的发祥地,
,家用电器的范围，各国不尽相同，世界上尚未形成统一的家用电器分类法 ，有的国家将照明器具列为家用电器的一类，将声像电器列入文娱器具，而文娱器具还包括电动电子玩具,
,粘胶纤维（Viscose fibre），简称粘纤，又名黏胶丝，人造纤维的一种,
,粘胶纤维是人造纤维的主要品种，是中国产量第二大的化纤品种，其主要原料是化学浆粕，包括棉浆粕和木浆粕两种，通过化学反应将天然纤维素分离出来再生而成，国内所用原料主要是棉浆粕.,
,粘胶纤维吸湿性好，易于染色，不易起静电，有较好的可纺性能，被广泛应用于各类纺织、服装等领域,
,尼龙是美国杰出的科学家卡罗瑟斯(Carothers)及其领导下的一个科研小组研制出来的，是世界上出现的第一种合成纤维，尼龙是聚酰胺纤维（锦纶）的一种说法,
,尼龙的出现使纺织品的面貌焕然一新，它的合成是合成纤维工业的重大突破，同时也是高分子化学的一个非常重要里程碑,
,聚丙烯腈或丙烯腈含量大于85%（质量百分比）的丙烯腈共聚物制成的合成纤维,
,入库业务分为到达货物接收和货物的验收入库两个主要环节,
,货物入库管理按货物的交接方式分为提货入库（到车站、码头、民航、邮局或者生产厂、流通企业提取货物并运输入库）和货主自己送货入库；按运输工具分为铁路专线到货和汽车运输到货；按货物交接人分为承运单位和供货单位,
,组织货物的卸车，理货员验收确认无误，将货物入库信息输入计算机系统，由计算机系统生成货位指派信息，仓库的管理根据货位指派信息将货物组织入库码放或者上货架,
,入库按照性质可分为正常入库、退货入库（冲货）、调拨入库等,
,电视机是指根据人眼的视觉暂留特性和视觉心理，利用电子技术传送活动的图像画面和音频信号的设备，即电视接收机,
,也是重要的广播和视频通信工具,
,电视机的基本系统由摄像、传输和显像3部分组成,
,电视机最早由英国工程师约翰・洛吉・贝尔德在1925年发明，电视系统工作过程是发送端把景物的各个微细部分按亮度和色度转换为电信号后，顺序传送,
,在接收端按相应几何位置显现各微细部分的亮度和色度来重现整幅原始图像,
